-- MySQL dump 10.13  Distrib 5.7.35-38, for Linux (x86_64)
--
-- Host: localhost    Database: tto_user
-- ------------------------------------------------------
-- Server version	5.7.35-38-log

/*!40101 SET @OLD_CHARACTER_SET_CLIENT=@@CHARACTER_SET_CLIENT */;
/*!40101 SET @OLD_CHARACTER_SET_RESULTS=@@CHARACTER_SET_RESULTS */;
/*!40101 SET @OLD_COLLATION_CONNECTION=@@COLLATION_CONNECTION */;
/*!40101 SET NAMES utf8 */;
/*!40103 SET @OLD_TIME_ZONE=@@TIME_ZONE */;
/*!40103 SET TIME_ZONE='+00:00' */;
/*!40014 SET @OLD_UNIQUE_CHECKS=@@UNIQUE_CHECKS, UNIQUE_CHECKS=0 */;
/*!40014 SET @OLD_FOREIGN_KEY_CHECKS=@@FOREIGN_KEY_CHECKS, FOREIGN_KEY_CHECKS=0 */;
/*!40101 SET @OLD_SQL_MODE=@@SQL_MODE, SQL_MODE='NO_AUTO_VALUE_ON_ZERO' */;
/*!40111 SET @OLD_SQL_NOTES=@@SQL_NOTES, SQL_NOTES=0 */;
/*!50717 SELECT COUNT(*) INTO @rocksdb_has_p_s_session_variables FROM INFORMATION_SCHEMA.TABLES WHERE TABLE_SCHEMA = 'performance_schema' AND TABLE_NAME = 'session_variables' */;
/*!50717 SET @rocksdb_get_is_supported = IF (@rocksdb_has_p_s_session_variables, 'SELECT COUNT(*) INTO @rocksdb_is_supported FROM performance_schema.session_variables WHERE VARIABLE_NAME=\'rocksdb_bulk_load\'', 'SELECT 0') */;
/*!50717 PREPARE s FROM @rocksdb_get_is_supported */;
/*!50717 EXECUTE s */;
/*!50717 DEALLOCATE PREPARE s */;
/*!50717 SET @rocksdb_enable_bulk_load = IF (@rocksdb_is_supported, 'SET SESSION rocksdb_bulk_load = 1', 'SET @rocksdb_dummy_bulk_load = 0') */;
/*!50717 PREPARE s FROM @rocksdb_enable_bulk_load */;
/*!50717 EXECUTE s */;
/*!50717 DEALLOCATE PREPARE s */;

--
-- Table structure for table `use_permission`
--

DROP TABLE IF EXISTS `use_permission`;
/*!40101 SET @saved_cs_client     = @@character_set_client */;
/*!40101 SET character_set_client = utf8 */;
CREATE TABLE `use_permission` (
  `id` bigint(20) unsigned NOT NULL AUTO_INCREMENT,
  `table_management_id` bigint(20) unsigned NOT NULL,
  `name` varchar(255) COLLATE utf8mb4_unicode_ci DEFAULT NULL,
  `uri` varchar(255) COLLATE utf8mb4_unicode_ci DEFAULT NULL,
  `method` varchar(255) COLLATE utf8mb4_unicode_ci DEFAULT NULL,
  `action` varchar(255) COLLATE utf8mb4_unicode_ci DEFAULT NULL,
  `param` varchar(255) COLLATE utf8mb4_unicode_ci DEFAULT NULL,
  `body` varchar(255) COLLATE utf8mb4_unicode_ci DEFAULT NULL,
  `option` varchar(255) COLLATE utf8mb4_unicode_ci DEFAULT NULL,
  `is_display` tinyint(1) NOT NULL DEFAULT '1',
  `status` smallint(6) NOT NULL DEFAULT '1',
  `created_at` timestamp NULL DEFAULT NULL,
  `updated_at` timestamp NULL DEFAULT NULL,
  PRIMARY KEY (`id`)
) ENGINE=InnoDB AUTO_INCREMENT=98 DEFAULT CHARSET=utf8mb4 COLLATE=utf8mb4_unicode_ci;
/*!40101 SET character_set_client = @saved_cs_client */;

--
-- Dumping data for table `use_permission`
--

LOCK TABLES `use_permission` WRITE;
/*!40000 ALTER TABLE `use_permission` DISABLE KEYS */;
INSERT INTO `use_permission` VALUES (1,1,'Tạo hồ sơ','api/profiles','post','create',NULL,NULL,NULL,1,1,'2022-01-03 19:28:50','2022-01-03 19:28:50'),(2,1,'Sửa hồ sơ','api/profiles/{profile}','put','update',NULL,NULL,NULL,1,1,'2022-01-03 19:28:50','2022-01-03 19:28:50'),(3,1,'Xoá hồ sơ','api/profiles/{profile}','delete','delete',NULL,NULL,NULL,1,1,'2022-01-03 19:28:50','2022-01-03 19:28:50'),(4,1,'Xem chi tiết hồ sơ bằng user id','api/fe/profiles/users/{user_id}','get','view',NULL,NULL,NULL,1,1,'2022-01-03 19:28:50','2022-01-03 19:28:50'),(5,1,'Xem chi tiết hồ sơ bằng profile id','api/fe/profiles/{profile_id}','get','view',NULL,NULL,NULL,1,1,'2022-01-03 19:28:50','2022-01-03 19:28:50'),(6,1,'Xem danh sách hồ sơ','api/profiles','get','list',NULL,NULL,NULL,1,1,'2022-01-03 19:28:50','2022-01-03 19:28:50'),(7,1,'Tạo phòng ban','api/departments','post','create',NULL,NULL,NULL,1,1,'2022-01-03 19:28:50','2022-01-03 19:28:50'),(8,2,'Tạo phòng ban','api/departments','post','create',NULL,NULL,NULL,1,1,'2022-01-03 19:28:50','2022-01-03 19:28:50'),(9,2,'Sửa phòng ban','api/departments/{department}','put','update',NULL,NULL,NULL,1,1,'2022-01-03 19:28:50','2022-01-03 19:28:50'),(10,2,'Xoá phòng ban','api/departments/{department}','delete','delete',NULL,NULL,NULL,1,1,'2022-01-03 19:28:50','2022-01-03 19:28:50'),(11,2,'Xem chi tiết phòng ban','api/departments/users/{user_id}','get','view',NULL,NULL,NULL,1,1,'2022-01-03 19:28:50','2022-01-03 19:28:50'),(12,2,'Xem danh sách phòng ban','api/departments','get','list',NULL,NULL,NULL,1,1,'2022-01-03 19:28:50','2022-01-03 19:28:50'),(13,5,'Tạo thẻ nhà báo','api/journalist-cards','post','create',NULL,NULL,NULL,1,1,'2022-01-03 19:28:50','2022-01-03 19:28:50'),(14,5,'Sửa thẻ nhà báo','api/journalist-cards/{journalist_card}','put','update',NULL,NULL,NULL,1,1,'2022-01-03 19:28:50','2022-01-03 19:28:50'),(15,5,'Xoá thẻ nhà báo','api/journalist-cards/{journalist_card}','delete','delete',NULL,NULL,NULL,1,1,'2022-01-03 19:28:50','2022-01-03 19:28:50'),(16,5,'Xem chi tiết thẻ nhà báo','api/journalist-cards/users/{user_id}','get','view',NULL,NULL,NULL,1,1,'2022-01-03 19:28:50','2022-01-03 19:28:50'),(17,5,'Xem danh sách thẻ nhà báo','api/journalist-cards','get','list',NULL,NULL,NULL,1,1,'2022-01-03 19:28:50','2022-01-03 19:28:50'),(18,7,'Tạo bộ phận làm việc','api/parts','post','create',NULL,NULL,NULL,1,1,'2022-01-03 19:28:50','2022-01-03 19:28:50'),(19,7,'Sửa bộ phận làm việc','api/parts/{part}','put','update',NULL,NULL,NULL,1,1,'2022-01-03 19:28:50','2022-01-03 19:28:50'),(20,7,'Xoá bộ phận làm việc','api/parts/{part}','delete','delete',NULL,NULL,NULL,1,1,'2022-01-03 19:28:50','2022-01-03 19:28:50'),(21,7,'Xem danh sách bộ phận làm việc','api/parts','get','list',NULL,NULL,NULL,1,1,'2022-01-03 19:28:50','2022-01-03 19:28:50'),(22,8,'Tạo vị trí làm việc','api/positions','post','create',NULL,NULL,NULL,1,1,'2022-01-03 19:28:50','2022-01-03 19:28:50'),(23,8,'Sửa vị trí làm việc','api/positions/{position}','put','update',NULL,NULL,NULL,1,1,'2022-01-03 19:28:50','2022-01-03 19:28:50'),(24,8,'Xoá vị trí làm việc','api/positions/{position}','delete','delete',NULL,NULL,NULL,1,1,'2022-01-03 19:28:50','2022-01-03 19:28:50'),(25,8,'Xem danh sách vị trí làm việc','api/positions','get','list',NULL,NULL,NULL,1,1,'2022-01-03 19:28:50','2022-01-03 19:28:50'),(26,3,'Tạo lịch sử cá nhân','api/personal-histories','post','create',NULL,NULL,NULL,1,1,'2022-01-03 19:28:50','2022-01-03 19:28:50'),(27,3,'Sửa lịch sử cá nhân','api/personal-histories/{personal_history}','put','update',NULL,NULL,NULL,1,1,'2022-01-03 19:28:50','2022-01-03 19:28:50'),(28,3,'Xoá lịch sử cá nhân','api/personal-histories/{personal_history}','delete','delete',NULL,NULL,NULL,1,1,'2022-01-03 19:28:50','2022-01-03 19:28:50'),(29,3,'Xem chi tiết lịch sử cá nhân','api/personal-histories/users/{user_id}','get','view',NULL,NULL,NULL,1,1,'2022-01-03 19:28:50','2022-01-03 19:28:50'),(30,3,'Xem danh sách lịch sử cá nhân','api/personal-histories','get','list',NULL,NULL,NULL,1,1,'2022-01-03 19:28:50','2022-01-03 19:28:50'),(31,4,'Tạo đối tượng lao động','api/work-objects','post','create',NULL,NULL,NULL,1,1,'2022-01-03 19:28:50','2022-01-03 19:28:50'),(32,4,'Sửa đối tượng lao động','api/work-objects/{work_object}','put','update',NULL,NULL,NULL,1,1,'2022-01-03 19:28:50','2022-01-03 19:28:50'),(33,4,'Xoá đối tượng lao động','api/work-objects/{work_object}','delete','delete',NULL,NULL,NULL,1,1,'2022-01-03 19:28:50','2022-01-03 19:28:50'),(34,4,'Xem chi tiết đối tượng lao động','api/work-objects/users/{user_id}','get','view',NULL,NULL,NULL,1,1,'2022-01-03 19:28:50','2022-01-03 19:28:50'),(35,4,'Xem danh sách đối tượng lao động','api/work-objects','get','list',NULL,NULL,NULL,1,1,'2022-01-03 19:28:50','2022-01-03 19:28:50'),(36,6,'Tạo trình độ của đối tượng','api/user-degrees','post','create',NULL,NULL,NULL,1,1,'2022-01-03 19:28:50','2022-01-03 19:28:50'),(37,6,'Sửa trình độ của đối tượng','api/user-degrees/{user_degree}','put','update',NULL,NULL,NULL,1,1,'2022-01-03 19:28:50','2022-01-03 19:28:50'),(38,6,'Xoá trình độ của đối tượng','api/user-degrees/{user_degree}','delete','delete',NULL,NULL,NULL,1,1,'2022-01-03 19:28:50','2022-01-03 19:28:50'),(39,6,'Xem chi tiết trình độ của đối tượng','api/user-degrees/users/{user_id}','get','view',NULL,NULL,NULL,1,1,'2022-01-03 19:28:50','2022-01-03 19:28:50'),(40,6,'Xem danh sách trình độ của đối tượng','api/user-degrees','get','list',NULL,NULL,NULL,1,1,'2022-01-03 19:28:50','2022-01-03 19:28:50'),(41,13,'Tạo \"đi nước ngoài\"','api/go-abroad','post','create',NULL,NULL,NULL,1,1,'2022-01-03 19:28:50','2022-01-03 19:28:50'),(42,13,'Sửa \"đi nước ngoài\"','api/go-abroad/{go_abroad}','put','update',NULL,NULL,NULL,1,1,'2022-01-03 19:28:50','2022-01-03 19:28:50'),(43,13,'Xoá \"đi nước ngoài\"','api/go-abroad/{go_abroad}','delete','delete',NULL,NULL,NULL,1,1,'2022-01-03 19:28:50','2022-01-03 19:28:50'),(44,13,'Xem chi tiết \"đi nước ngoài\"','api/go-abroad/users/{user_id}','get','view',NULL,NULL,NULL,1,1,'2022-01-03 19:28:50','2022-01-03 19:28:50'),(45,13,'Xem danh sách \"đi nước ngoài\"','api/go-abroad','get','list',NULL,NULL,NULL,1,1,'2022-01-03 19:28:50','2022-01-03 19:28:50'),(46,14,'Tạo quan hệ gia đình','api/family-relationship','post','create',NULL,NULL,NULL,1,1,'2022-01-03 19:28:50','2022-01-03 19:28:50'),(47,14,'Sửa quan hệ gia đình','api/family-relationship/{family_relationship}','put','update',NULL,NULL,NULL,1,1,'2022-01-03 19:28:50','2022-01-03 19:28:50'),(48,14,'Xoá quan hệ gia đình','api/family-relationship/{family_relationship}','delete','delete',NULL,NULL,NULL,1,1,'2022-01-03 19:28:50','2022-01-03 19:28:50'),(49,14,'Xem chi tiết quan hệ gia đình','api/family-relationship/users/{user_id}','get','view',NULL,NULL,NULL,1,1,'2022-01-03 19:28:50','2022-01-03 19:28:50'),(50,14,'Xem danh sách quan hệ gia đình','api/family-relationship','get','list',NULL,NULL,NULL,1,1,'2022-01-03 19:28:50','2022-01-03 19:28:50'),(51,15,'Tạo khen thưởng và kỷ luật','api/reward-discipline','post','create',NULL,NULL,NULL,1,1,'2022-01-03 19:28:50','2022-01-03 19:28:50'),(52,15,'Sửa khen thưởng và kỷ luật','api/reward-discipline/{reward_discipline}','put','update',NULL,NULL,NULL,1,1,'2022-01-03 19:28:50','2022-01-03 19:28:50'),(53,15,'Xoá khen thưởng và kỷ luật','api/reward-discipline/{reward_discipline}','delete','delete',NULL,NULL,NULL,1,1,'2022-01-03 19:28:50','2022-01-03 19:28:50'),(54,15,'Xem chi tiết khen thưởng và kỷ luật','api/reward-discipline/users/{user_id}','get','view',NULL,NULL,NULL,1,1,'2022-01-03 19:28:50','2022-01-03 19:28:50'),(55,15,'Xem danh sách khen thưởng và kỷ luật','api/reward-discipline','get','list',NULL,NULL,NULL,1,1,'2022-01-03 19:28:50','2022-01-03 19:28:50'),(56,16,'Tạo quy trình làm việc','api/workflow/store',NULL,'create',NULL,NULL,NULL,1,1,'2022-01-03 19:28:50','2022-01-03 19:28:50'),(57,16,'Cập nhật quy trình làm việc','api/workflow/store',NULL,'update',NULL,NULL,NULL,1,1,'2022-01-03 19:28:50','2022-01-03 19:28:50'),(58,16,'Xóa quy trình làm việc','api/workflow/store',NULL,'delete',NULL,NULL,NULL,1,1,'2022-01-03 19:28:50','2022-01-03 19:28:50'),(59,16,'Xem quy trình làm việc',NULL,NULL,'view',NULL,NULL,NULL,1,1,'2022-01-03 19:28:50','2022-01-03 19:28:50'),(60,17,'Tạo loại tài liệu','api/document-type/store','post','create',NULL,NULL,NULL,1,1,'2022-01-03 19:28:50','2022-01-03 19:28:50'),(61,17,'Cập nhật loại tài liệu','api/document-type/update/{id}','post','update',NULL,NULL,NULL,1,1,'2022-01-03 19:28:50','2022-01-03 19:28:50'),(62,17,'Xóa loại tài liệu','api/document-type/delete/{id}','delete','delete',NULL,NULL,NULL,1,1,'2022-01-03 19:28:50','2022-01-03 19:28:50'),(63,17,'Xem danh sách loại tài liệu','api/document-type/get-document-types','get','view',NULL,NULL,NULL,1,1,'2022-01-03 19:28:50','2022-01-03 19:28:50'),(64,18,'Tạo bản mẫu tài liệu','api/document-template/store','post','create',NULL,NULL,NULL,1,1,'2022-01-03 19:28:50','2022-01-03 19:28:50'),(65,18,'Cập nhật bản mẫu tài liệu','api/document-template/update/{id}','post','update',NULL,NULL,NULL,1,1,'2022-01-03 19:28:50','2022-01-03 19:28:50'),(66,18,'Xem bản mẫu tài liệu','api/document-template/get','get','view',NULL,'{\"type_id\":{\"required\":true}}',NULL,1,1,'2022-01-03 19:28:50','2022-01-03 19:28:50'),(67,20,'Tạo \"Đào tạo, bồi dưỡng về chuyên môn, nghiệp vụ, lý luận chính trị ngoại ngữ\"','api/training-fostering','post','create',NULL,NULL,NULL,1,1,'2022-01-03 19:28:50','2022-01-03 19:28:50'),(68,20,'Sửa \"Đào tạo, bồi dưỡng về chuyên môn, nghiệp vụ, lý luận chính trị ngoại ngữ\"','api/training-fostering/{training_fostering}','put','update',NULL,NULL,NULL,1,1,'2022-01-03 19:28:50','2022-01-03 19:28:50'),(69,20,'Xoá \"Đào tạo, bồi dưỡng về chuyên môn, nghiệp vụ, lý luận chính trị ngoại ngữ\"','api/training-fostering/{training_fostering}','delete','delete',NULL,NULL,NULL,1,1,'2022-01-03 19:28:50','2022-01-03 19:28:50'),(70,20,'Xem chi tiết \"Đào tạo, bồi dưỡng về chuyên môn, nghiệp vụ, lý luận chính trị ngoại ngữ\"','api/training-fostering/users/{user_id}','get','view',NULL,NULL,NULL,1,1,'2022-01-03 19:28:50','2022-01-03 19:28:50'),(71,20,'Xem danh sách \"Đào tạo, bồi dưỡng về chuyên môn, nghiệp vụ, lý luận chính trị ngoại ngữ\"','api/training-fostering','get','list',NULL,NULL,NULL,1,1,'2022-01-03 19:28:50','2022-01-03 19:28:50'),(72,21,'Tạo \"Tham gia các tổ chức chính trị, xã hội, các nghề nghiệp\"','api/organization','post','create',NULL,NULL,NULL,1,1,'2022-01-03 19:28:50','2022-01-03 19:28:50'),(73,21,'Sửa \"Tham gia các tổ chức chính trị, xã hội, các nghề nghiệp\"','api/organization/{organization}','put','update',NULL,NULL,NULL,1,1,'2022-01-03 19:28:50','2022-01-03 19:28:50'),(74,21,'Xoá \"Tham gia các tổ chức chính trị, xã hội, các nghề nghiệp\"','api/organization/{organization}','delete','delete',NULL,NULL,NULL,1,1,'2022-01-03 19:28:50','2022-01-03 19:28:50'),(75,21,'Xem chi tiết \"Tham gia các tổ chức chính trị, xã hội, các nghề nghiệp\"','api/organization/users/{user_id}','get','view',NULL,NULL,NULL,1,1,'2022-01-03 19:28:50','2022-01-03 19:28:50'),(76,21,'Xem danh sách \"Tham gia các tổ chức chính trị, xã hội, các nghề nghiệp\"','api/organization','get','list',NULL,NULL,NULL,1,1,'2022-01-03 19:28:50','2022-01-03 19:28:50'),(77,22,'Tạo \"Gia nhập Đảng Cộng Sản Việt Nam\"','api/party','post','create',NULL,NULL,NULL,1,1,'2022-01-03 19:28:50','2022-01-03 19:28:50'),(78,22,'Sửa \"Gia nhập Đảng Cộng Sản Việt Nam\"','api/party/{party}','put','update',NULL,NULL,NULL,1,1,'2022-01-03 19:28:50','2022-01-03 19:28:50'),(79,22,'Xoá \"Gia nhập Đảng Cộng Sản Việt Nam\"','api/party/{party}','delete','delete',NULL,NULL,NULL,1,1,'2022-01-03 19:28:50','2022-01-03 19:28:50'),(80,22,'Xem chi tiết \"Gia nhập Đảng Cộng Sản Việt Nam\"','api/party/users/{user_id}','get','view',NULL,NULL,NULL,1,1,'2022-01-03 19:28:50','2022-01-03 19:28:50'),(81,22,'Xem danh sách \"Gia nhập Đảng Cộng Sản Việt Nam\"','api/party','get','list',NULL,NULL,NULL,1,1,'2022-01-03 19:28:50','2022-01-03 19:28:50'),(82,24,'Tạo nhóm phòng ban','api/department-group','post','create',NULL,NULL,NULL,1,1,'2022-01-03 19:28:50','2022-01-03 19:28:50'),(83,24,'Sửa nhóm phòng ban','api/department-group/{department_group}','put','update',NULL,NULL,NULL,1,1,'2022-01-03 19:28:50','2022-01-03 19:28:50'),(84,24,'Xoá nhóm phòng ban','api/department-group/{department_group}','delete','delete',NULL,NULL,NULL,1,1,'2022-01-03 19:28:50','2022-01-03 19:28:50'),(85,24,'Xem chi tiết nhóm phòng ban','api/department-group/{department_group}','get','view',NULL,NULL,NULL,1,1,'2022-01-03 19:28:50','2022-01-03 19:28:50'),(86,24,'Xem danh sách nhóm phòng ban','api/department-group','get','list',NULL,NULL,NULL,1,1,'2022-01-03 19:28:50','2022-01-03 19:28:50'),(87,25,'Tạo quyền','api/permission','post','create',NULL,NULL,NULL,1,1,'2022-01-03 19:28:50','2022-01-03 19:28:50'),(88,25,'Sửa quyền','api/permission/{permission}','put','update',NULL,NULL,NULL,1,1,'2022-01-03 19:28:50','2022-01-03 19:28:50'),(89,25,'Xoá quyền','api/permission/{permission}','delete','delete',NULL,NULL,NULL,1,1,'2022-01-03 19:28:50','2022-01-03 19:28:50'),(90,25,'Xem chi tiết quyền','api/permission/{permission}','get','view',NULL,NULL,NULL,1,1,'2022-01-03 19:28:50','2022-01-03 19:28:50'),(91,25,'Xem danh sách quyền','api/permission','get','list',NULL,NULL,NULL,1,1,'2022-01-03 19:28:50','2022-01-03 19:28:50'),(92,26,'Xem danh sách phòng ban - chức danh đã được gán quyền','api/permission/departments/positions/list','get','list',NULL,NULL,NULL,1,1,'2022-01-03 19:28:50','2022-01-03 19:28:50'),(93,26,'Xem danh sách quyền chưa được gán cho phòng ban + chức danh cụ thể','api/permission/departments/positions/except','get','list',NULL,NULL,NULL,1,1,'2022-01-03 19:28:50','2022-01-03 19:28:50'),(94,26,'Xem danh sách quyền theo phòng ban + chức danh cụ thể','api/permission/departments/positions','get','list',NULL,NULL,NULL,1,1,'2022-01-03 19:28:50','2022-01-03 19:28:50'),(95,27,'Xem danh sách chức danh đã được gán quyền','api/permission/work-formality/list','get','list',NULL,NULL,NULL,1,1,'2022-01-03 19:28:50','2022-01-03 19:28:50'),(96,27,'Xem danh sách quyền chưa được gán cho chức danh cụ thể','api/permission/positions/except','get','list',NULL,NULL,NULL,1,1,'2022-01-03 19:28:50','2022-01-03 19:28:50'),(97,27,'Xem danh sách quyền theo chức danh cụ thể','api/list/permission/work-formality/{pos_id}','get','list',NULL,NULL,NULL,1,1,'2022-01-03 19:28:50','2022-01-03 19:28:50');
/*!40000 ALTER TABLE `use_permission` ENABLE KEYS */;
UNLOCK TABLES;

--
-- Table structure for table `use_permission_position`
--

DROP TABLE IF EXISTS `use_permission_position`;
/*!40101 SET @saved_cs_client     = @@character_set_client */;
/*!40101 SET character_set_client = utf8 */;
CREATE TABLE `use_permission_position` (
  `dep_id` bigint(20) unsigned NOT NULL,
  `pos_id` bigint(20) unsigned NOT NULL,
  `permission_id` bigint(20) unsigned NOT NULL,
  PRIMARY KEY (`dep_id`,`pos_id`,`permission_id`),
  KEY `use_permission_position_permission_id_foreign` (`permission_id`),
  CONSTRAINT `use_permission_position_permission_id_foreign` FOREIGN KEY (`permission_id`) REFERENCES `use_permission` (`id`) ON DELETE CASCADE
) ENGINE=InnoDB DEFAULT CHARSET=utf8mb4 COLLATE=utf8mb4_unicode_ci;
/*!40101 SET character_set_client = @saved_cs_client */;

--
-- Dumping data for table `use_permission_position`
--

LOCK TABLES `use_permission_position` WRITE;
/*!40000 ALTER TABLE `use_permission_position` DISABLE KEYS */;
INSERT INTO `use_permission_position` VALUES (1,1,1),(2,2,1),(1,1,2),(2,2,2),(1,1,3),(2,2,3),(1,1,4),(2,2,4),(1,1,5),(2,2,5),(1,1,6),(2,2,6),(1,1,7),(2,2,7),(1,1,8),(2,2,8),(1,1,9),(2,2,9),(1,1,10),(2,2,10),(1,1,11),(2,2,11),(1,1,12),(2,2,12),(1,1,13),(2,2,13),(1,1,14),(2,2,14),(1,1,15),(2,2,15),(1,1,16),(2,2,16),(1,1,17),(2,2,17),(1,1,18),(2,2,18),(1,1,19),(2,2,19),(1,1,20),(2,2,20),(1,1,21),(2,2,21),(1,1,22),(2,2,22),(1,1,23),(2,2,23),(1,1,24),(2,2,24),(1,1,25),(2,2,25),(1,1,26),(2,2,26),(1,1,27),(2,2,27),(1,1,28),(2,2,28),(1,1,29),(2,2,29),(1,1,30),(2,2,30),(1,1,31),(2,2,31),(1,1,32),(2,2,32),(1,1,33),(2,2,33),(1,1,34),(2,2,34),(1,1,35),(2,2,35),(1,1,36),(2,2,36),(1,1,37),(2,2,37),(1,1,38),(2,2,38),(1,1,39),(2,2,39),(1,1,40),(2,2,40),(1,1,41),(2,2,41),(1,1,42),(2,2,42),(1,1,43),(2,2,43),(1,1,44),(2,2,44),(1,1,45),(2,2,45),(1,1,46),(2,2,46),(1,1,47),(2,2,47),(1,1,48),(2,2,48),(1,1,49),(2,2,49),(1,1,50),(2,2,50),(1,1,51),(2,2,51),(1,1,52),(2,2,52),(1,1,53),(2,2,53),(1,1,54),(2,2,54),(1,1,55),(2,2,55),(1,1,56),(2,2,56),(1,1,57),(2,2,57),(1,1,58),(2,2,58),(1,1,59),(2,2,59),(1,1,60),(2,2,60),(1,1,61),(2,2,61),(1,1,62),(2,2,62),(1,1,63),(2,2,63),(1,1,64),(2,2,64),(1,1,65),(2,2,65),(1,1,66),(2,2,66),(1,1,67),(2,2,67),(1,1,68),(2,2,68),(1,1,69),(2,2,69),(1,1,70),(2,2,70),(1,1,71),(2,2,71),(1,1,72),(2,2,72),(1,1,73),(2,2,73),(1,1,74),(2,2,74),(1,1,75),(2,2,75),(1,1,76),(2,2,76),(1,1,77),(2,2,77),(1,1,78),(2,2,78),(1,1,79),(2,2,79),(1,1,80),(2,2,80),(1,1,81),(1,1,82),(2,2,82),(1,1,83),(2,2,83),(1,1,84),(2,2,84),(1,1,85),(2,2,85),(1,1,86),(2,2,86),(1,1,87),(2,2,87),(1,1,88),(2,2,88),(1,1,89),(2,2,89),(1,1,90),(2,2,90),(1,1,91),(2,2,91),(1,1,92),(2,2,92),(1,1,93),(2,2,93),(1,1,94),(2,2,94),(1,1,95),(2,2,95),(1,1,96),(2,2,96),(1,1,97),(2,2,97);
/*!40000 ALTER TABLE `use_permission_position` ENABLE KEYS */;
UNLOCK TABLES;

--
-- Table structure for table `use_permission_work_formality`
--

DROP TABLE IF EXISTS `use_permission_work_formality`;
/*!40101 SET @saved_cs_client     = @@character_set_client */;
/*!40101 SET character_set_client = utf8 */;
CREATE TABLE `use_permission_work_formality` (
  `work_formality_id` bigint(20) unsigned NOT NULL,
  `permission_id` bigint(20) unsigned NOT NULL,
  PRIMARY KEY (`work_formality_id`,`permission_id`),
  KEY `use_permission_work_formality_permission_id_foreign` (`permission_id`),
  CONSTRAINT `use_permission_work_formality_permission_id_foreign` FOREIGN KEY (`permission_id`) REFERENCES `use_permission` (`id`) ON DELETE CASCADE
) ENGINE=InnoDB DEFAULT CHARSET=utf8mb4 COLLATE=utf8mb4_unicode_ci;
/*!40101 SET character_set_client = @saved_cs_client */;

--
-- Dumping data for table `use_permission_work_formality`
--

LOCK TABLES `use_permission_work_formality` WRITE;
/*!40000 ALTER TABLE `use_permission_work_formality` DISABLE KEYS */;
INSERT INTO `use_permission_work_formality` VALUES (1,2),(2,2),(3,2),(4,2),(5,2),(6,2),(7,2),(59,2),(60,2),(216,2),(217,2),(218,2),(219,2),(220,2),(221,2),(222,2),(223,2),(224,2),(225,2),(226,2),(227,2),(228,2),(229,2),(230,2),(231,2),(232,2),(233,2),(234,2),(235,2),(236,2),(237,2),(238,2),(239,2),(1,4),(2,4),(3,4),(4,4),(5,4),(6,4),(7,4),(59,4),(60,4),(216,4),(217,4),(218,4),(219,4),(220,4),(221,4),(222,4),(223,4),(224,4),(225,4),(226,4),(227,4),(228,4),(229,4),(230,4),(231,4),(232,4),(233,4),(234,4),(235,4),(236,4),(237,4),(238,4),(239,4),(1,5),(2,5),(3,5),(4,5),(5,5),(6,5),(7,5),(59,5),(60,5),(216,5),(217,5),(218,5),(219,5),(220,5),(221,5),(222,5),(223,5),(224,5),(225,5),(226,5),(227,5),(228,5),(229,5),(230,5),(231,5),(232,5),(233,5),(234,5),(235,5),(236,5),(237,5),(238,5),(239,5),(59,6),(60,6),(216,6),(217,6),(218,6),(219,6),(220,6),(221,6),(222,6),(223,6),(224,6),(225,6),(226,6),(227,6),(228,6),(229,6),(230,6),(231,6),(232,6),(233,6),(234,6),(235,6),(236,6),(237,6),(238,6),(239,6),(1,13),(2,13),(3,13),(4,13),(5,13),(6,13),(7,13),(59,13),(60,13),(216,13),(217,13),(218,13),(219,13),(220,13),(221,13),(222,13),(223,13),(224,13),(225,13),(226,13),(227,13),(228,13),(229,13),(230,13),(231,13),(232,13),(233,13),(234,13),(235,13),(236,13),(237,13),(238,13),(239,13),(1,14),(2,14),(3,14),(4,14),(5,14),(6,14),(7,14),(59,14),(60,14),(216,14),(217,14),(218,14),(219,14),(220,14),(221,14),(222,14),(223,14),(224,14),(225,14),(226,14),(227,14),(228,14),(229,14),(230,14),(231,14),(232,14),(233,14),(234,14),(235,14),(236,14),(237,14),(238,14),(239,14),(1,15),(2,15),(3,15),(4,15),(5,15),(6,15),(7,15),(59,15),(60,15),(216,15),(217,15),(218,15),(219,15),(220,15),(221,15),(222,15),(223,15),(224,15),(225,15),(226,15),(227,15),(228,15),(229,15),(230,15),(231,15),(232,15),(233,15),(234,15),(235,15),(236,15),(237,15),(238,15),(239,15),(1,16),(2,16),(3,16),(4,16),(5,16),(6,16),(7,16),(59,16),(60,16),(216,16),(217,16),(218,16),(219,16),(220,16),(221,16),(222,16),(223,16),(224,16),(225,16),(226,16),(227,16),(228,16),(229,16),(230,16),(231,16),(232,16),(233,16),(234,16),(235,16),(236,16),(237,16),(238,16),(239,16),(1,17),(2,17),(3,17),(4,17),(5,17),(6,17),(7,17),(59,17),(60,17),(216,17),(217,17),(218,17),(219,17),(220,17),(221,17),(222,17),(223,17),(224,17),(225,17),(226,17),(227,17),(228,17),(229,17),(230,17),(231,17),(232,17),(233,17),(234,17),(235,17),(236,17),(237,17),(238,17),(239,17),(1,26),(2,26),(3,26),(4,26),(5,26),(6,26),(7,26),(59,26),(60,26),(216,26),(217,26),(218,26),(219,26),(220,26),(221,26),(222,26),(223,26),(224,26),(225,26),(226,26),(227,26),(228,26),(229,26),(230,26),(231,26),(232,26),(233,26),(234,26),(235,26),(236,26),(237,26),(238,26),(239,26),(1,27),(2,27),(3,27),(4,27),(5,27),(6,27),(7,27),(59,27),(60,27),(216,27),(217,27),(218,27),(219,27),(220,27),(221,27),(222,27),(223,27),(224,27),(225,27),(226,27),(227,27),(228,27),(229,27),(230,27),(231,27),(232,27),(233,27),(234,27),(235,27),(236,27),(237,27),(238,27),(239,27),(1,28),(2,28),(3,28),(4,28),(5,28),(6,28),(7,28),(59,28),(60,28),(216,28),(217,28),(218,28),(219,28),(220,28),(221,28),(222,28),(223,28),(224,28),(225,28),(226,28),(227,28),(228,28),(229,28),(230,28),(231,28),(232,28),(233,28),(234,28),(235,28),(236,28),(237,28),(238,28),(239,28),(1,29),(2,29),(3,29),(4,29),(5,29),(6,29),(7,29),(59,29),(60,29),(216,29),(217,29),(218,29),(219,29),(220,29),(221,29),(222,29),(223,29),(224,29),(225,29),(226,29),(227,29),(228,29),(229,29),(230,29),(231,29),(232,29),(233,29),(234,29),(235,29),(236,29),(237,29),(238,29),(239,29),(1,30),(2,30),(3,30),(4,30),(5,30),(6,30),(7,30),(59,30),(60,30),(216,30),(217,30),(218,30),(219,30),(220,30),(221,30),(222,30),(223,30),(224,30),(225,30),(226,30),(227,30),(228,30),(229,30),(230,30),(231,30),(232,30),(233,30),(234,30),(235,30),(236,30),(237,30),(238,30),(239,30),(1,31),(2,31),(3,31),(4,31),(5,31),(6,31),(7,31),(59,31),(60,31),(216,31),(217,31),(218,31),(219,31),(220,31),(221,31),(222,31),(223,31),(224,31),(225,31),(226,31),(227,31),(228,31),(229,31),(230,31),(231,31),(232,31),(233,31),(234,31),(235,31),(236,31),(237,31),(238,31),(239,31),(1,32),(2,32),(3,32),(4,32),(5,32),(6,32),(7,32),(59,32),(60,32),(216,32),(217,32),(218,32),(219,32),(220,32),(221,32),(222,32),(223,32),(224,32),(225,32),(226,32),(227,32),(228,32),(229,32),(230,32),(231,32),(232,32),(233,32),(234,32),(235,32),(236,32),(237,32),(238,32),(239,32),(1,33),(2,33),(3,33),(4,33),(5,33),(6,33),(7,33),(59,33),(60,33),(216,33),(217,33),(218,33),(219,33),(220,33),(221,33),(222,33),(223,33),(224,33),(225,33),(226,33),(227,33),(228,33),(229,33),(230,33),(231,33),(232,33),(233,33),(234,33),(235,33),(236,33),(237,33),(238,33),(239,33),(1,34),(2,34),(3,34),(4,34),(5,34),(6,34),(7,34),(59,34),(60,34),(216,34),(217,34),(218,34),(219,34),(220,34),(221,34),(222,34),(223,34),(224,34),(225,34),(226,34),(227,34),(228,34),(229,34),(230,34),(231,34),(232,34),(233,34),(234,34),(235,34),(236,34),(237,34),(238,34),(239,34),(1,35),(2,35),(3,35),(4,35),(5,35),(6,35),(7,35),(59,35),(60,35),(216,35),(217,35),(218,35),(219,35),(220,35),(221,35),(222,35),(223,35),(224,35),(225,35),(226,35),(227,35),(228,35),(229,35),(230,35),(231,35),(232,35),(233,35),(234,35),(235,35),(236,35),(237,35),(238,35),(239,35),(1,36),(2,36),(3,36),(4,36),(5,36),(6,36),(7,36),(59,36),(60,36),(216,36),(217,36),(218,36),(219,36),(220,36),(221,36),(222,36),(223,36),(224,36),(225,36),(226,36),(227,36),(228,36),(229,36),(230,36),(231,36),(232,36),(233,36),(234,36),(235,36),(236,36),(237,36),(238,36),(239,36),(1,37),(2,37),(3,37),(4,37),(5,37),(6,37),(7,37),(59,37),(60,37),(216,37),(217,37),(218,37),(219,37),(220,37),(221,37),(222,37),(223,37),(224,37),(225,37),(226,37),(227,37),(228,37),(229,37),(230,37),(231,37),(232,37),(233,37),(234,37),(235,37),(236,37),(237,37),(238,37),(239,37),(1,38),(2,38),(3,38),(4,38),(5,38),(6,38),(7,38),(59,38),(60,38),(216,38),(217,38),(218,38),(219,38),(220,38),(221,38),(222,38),(223,38),(224,38),(225,38),(226,38),(227,38),(228,38),(229,38),(230,38),(231,38),(232,38),(233,38),(234,38),(235,38),(236,38),(237,38),(238,38),(239,38),(1,39),(2,39),(3,39),(4,39),(5,39),(6,39),(7,39),(59,39),(60,39),(216,39),(217,39),(218,39),(219,39),(220,39),(221,39),(222,39),(223,39),(224,39),(225,39),(226,39),(227,39),(228,39),(229,39),(230,39),(231,39),(232,39),(233,39),(234,39),(235,39),(236,39),(237,39),(238,39),(239,39),(1,40),(2,40),(3,40),(4,40),(5,40),(6,40),(7,40),(59,40),(60,40),(216,40),(217,40),(218,40),(219,40),(220,40),(221,40),(222,40),(223,40),(224,40),(225,40),(226,40),(227,40),(228,40),(229,40),(230,40),(231,40),(232,40),(233,40),(234,40),(235,40),(236,40),(237,40),(238,40),(239,40),(1,41),(2,41),(3,41),(4,41),(5,41),(6,41),(7,41),(59,41),(60,41),(216,41),(217,41),(218,41),(219,41),(220,41),(221,41),(222,41),(223,41),(224,41),(225,41),(226,41),(227,41),(228,41),(229,41),(230,41),(231,41),(232,41),(233,41),(234,41),(235,41),(236,41),(237,41),(238,41),(239,41),(1,42),(2,42),(3,42),(4,42),(5,42),(6,42),(7,42),(59,42),(60,42),(216,42),(217,42),(218,42),(219,42),(220,42),(221,42),(222,42),(223,42),(224,42),(225,42),(226,42),(227,42),(228,42),(229,42),(230,42),(231,42),(232,42),(233,42),(234,42),(235,42),(236,42),(237,42),(238,42),(239,42),(1,43),(2,43),(3,43),(4,43),(5,43),(6,43),(7,43),(59,43),(60,43),(216,43),(217,43),(218,43),(219,43),(220,43),(221,43),(222,43),(223,43),(224,43),(225,43),(226,43),(227,43),(228,43),(229,43),(230,43),(231,43),(232,43),(233,43),(234,43),(235,43),(236,43),(237,43),(238,43),(239,43),(1,44),(2,44),(3,44),(4,44),(5,44),(6,44),(7,44),(59,44),(60,44),(216,44),(217,44),(218,44),(219,44),(220,44),(221,44),(222,44),(223,44),(224,44),(225,44),(226,44),(227,44),(228,44),(229,44),(230,44),(231,44),(232,44),(233,44),(234,44),(235,44),(236,44),(237,44),(238,44),(239,44),(1,45),(2,45),(3,45),(4,45),(5,45),(6,45),(7,45),(59,45),(60,45),(216,45),(217,45),(218,45),(219,45),(220,45),(221,45),(222,45),(223,45),(224,45),(225,45),(226,45),(227,45),(228,45),(229,45),(230,45),(231,45),(232,45),(233,45),(234,45),(235,45),(236,45),(237,45),(238,45),(239,45),(1,46),(2,46),(3,46),(4,46),(5,46),(6,46),(7,46),(59,46),(60,46),(216,46),(217,46),(218,46),(219,46),(220,46),(221,46),(222,46),(223,46),(224,46),(225,46),(226,46),(227,46),(228,46),(229,46),(230,46),(231,46),(232,46),(233,46),(234,46),(235,46),(236,46),(237,46),(238,46),(239,46),(1,47),(2,47),(3,47),(4,47),(5,47),(6,47),(7,47),(59,47),(60,47),(216,47),(217,47),(218,47),(219,47),(220,47),(221,47),(222,47),(223,47),(224,47),(225,47),(226,47),(227,47),(228,47),(229,47),(230,47),(231,47),(232,47),(233,47),(234,47),(235,47),(236,47),(237,47),(238,47),(239,47),(1,48),(2,48),(3,48),(4,48),(5,48),(6,48),(7,48),(59,48),(60,48),(216,48),(217,48),(218,48),(219,48),(220,48),(221,48),(222,48),(223,48),(224,48),(225,48),(226,48),(227,48),(228,48),(229,48),(230,48),(231,48),(232,48),(233,48),(234,48),(235,48),(236,48),(237,48),(238,48),(239,48),(1,49),(2,49),(3,49),(4,49),(5,49),(6,49),(7,49),(59,49),(60,49),(216,49),(217,49),(218,49),(219,49),(220,49),(221,49),(222,49),(223,49),(224,49),(225,49),(226,49),(227,49),(228,49),(229,49),(230,49),(231,49),(232,49),(233,49),(234,49),(235,49),(236,49),(237,49),(238,49),(239,49),(1,50),(2,50),(3,50),(4,50),(5,50),(6,50),(7,50),(59,50),(60,50),(216,50),(217,50),(218,50),(219,50),(220,50),(221,50),(222,50),(223,50),(224,50),(225,50),(226,50),(227,50),(228,50),(229,50),(230,50),(231,50),(232,50),(233,50),(234,50),(235,50),(236,50),(237,50),(238,50),(239,50),(1,51),(2,51),(3,51),(4,51),(5,51),(6,51),(7,51),(59,51),(60,51),(216,51),(217,51),(218,51),(219,51),(220,51),(221,51),(222,51),(223,51),(224,51),(225,51),(226,51),(227,51),(228,51),(229,51),(230,51),(231,51),(232,51),(233,51),(234,51),(235,51),(236,51),(237,51),(238,51),(239,51),(1,52),(2,52),(3,52),(4,52),(5,52),(6,52),(7,52),(59,52),(60,52),(216,52),(217,52),(218,52),(219,52),(220,52),(221,52),(222,52),(223,52),(224,52),(225,52),(226,52),(227,52),(228,52),(229,52),(230,52),(231,52),(232,52),(233,52),(234,52),(235,52),(236,52),(237,52),(238,52),(239,52),(1,53),(2,53),(3,53),(4,53),(5,53),(6,53),(7,53),(59,53),(60,53),(216,53),(217,53),(218,53),(219,53),(220,53),(221,53),(222,53),(223,53),(224,53),(225,53),(226,53),(227,53),(228,53),(229,53),(230,53),(231,53),(232,53),(233,53),(234,53),(235,53),(236,53),(237,53),(238,53),(239,53),(1,54),(2,54),(3,54),(4,54),(5,54),(6,54),(7,54),(59,54),(60,54),(216,54),(217,54),(218,54),(219,54),(220,54),(221,54),(222,54),(223,54),(224,54),(225,54),(226,54),(227,54),(228,54),(229,54),(230,54),(231,54),(232,54),(233,54),(234,54),(235,54),(236,54),(237,54),(238,54),(239,54),(1,55),(2,55),(3,55),(4,55),(5,55),(6,55),(7,55),(59,55),(60,55),(216,55),(217,55),(218,55),(219,55),(220,55),(221,55),(222,55),(223,55),(224,55),(225,55),(226,55),(227,55),(228,55),(229,55),(230,55),(231,55),(232,55),(233,55),(234,55),(235,55),(236,55),(237,55),(238,55),(239,55),(1,67),(2,67),(3,67),(4,67),(5,67),(6,67),(7,67),(59,67),(60,67),(216,67),(217,67),(218,67),(219,67),(220,67),(221,67),(222,67),(223,67),(224,67),(225,67),(226,67),(227,67),(228,67),(229,67),(230,67),(231,67),(232,67),(233,67),(234,67),(235,67),(236,67),(237,67),(238,67),(239,67),(1,68),(2,68),(3,68),(4,68),(5,68),(6,68),(7,68),(59,68),(60,68),(216,68),(217,68),(218,68),(219,68),(220,68),(221,68),(222,68),(223,68),(224,68),(225,68),(226,68),(227,68),(228,68),(229,68),(230,68),(231,68),(232,68),(233,68),(234,68),(235,68),(236,68),(237,68),(238,68),(239,68),(1,69),(2,69),(3,69),(4,69),(5,69),(6,69),(7,69),(59,69),(60,69),(216,69),(217,69),(218,69),(219,69),(220,69),(221,69),(222,69),(223,69),(224,69),(225,69),(226,69),(227,69),(228,69),(229,69),(230,69),(231,69),(232,69),(233,69),(234,69),(235,69),(236,69),(237,69),(238,69),(239,69),(1,70),(2,70),(3,70),(4,70),(5,70),(6,70),(7,70),(59,70),(60,70),(216,70),(217,70),(218,70),(219,70),(220,70),(221,70),(222,70),(223,70),(224,70),(225,70),(226,70),(227,70),(228,70),(229,70),(230,70),(231,70),(232,70),(233,70),(234,70),(235,70),(236,70),(237,70),(238,70),(239,70),(1,71),(2,71),(3,71),(4,71),(5,71),(6,71),(7,71),(59,71),(60,71),(216,71),(217,71),(218,71),(219,71),(220,71),(221,71),(222,71),(223,71),(224,71),(225,71),(226,71),(227,71),(228,71),(229,71),(230,71),(231,71),(232,71),(233,71),(234,71),(235,71),(236,71),(237,71),(238,71),(239,71),(1,72),(2,72),(3,72),(4,72),(5,72),(6,72),(7,72),(59,72),(60,72),(216,72),(217,72),(218,72),(219,72),(220,72),(221,72),(222,72),(223,72),(224,72),(225,72),(226,72),(227,72),(228,72),(229,72),(230,72),(231,72),(232,72),(233,72),(234,72),(235,72),(236,72),(237,72),(238,72),(239,72),(1,73),(2,73),(3,73),(4,73),(5,73),(6,73),(7,73),(59,73),(60,73),(216,73),(217,73),(218,73),(219,73),(220,73),(221,73),(222,73),(223,73),(224,73),(225,73),(226,73),(227,73),(228,73),(229,73),(230,73),(231,73),(232,73),(233,73),(234,73),(235,73),(236,73),(237,73),(238,73),(239,73),(1,74),(2,74),(3,74),(4,74),(5,74),(6,74),(7,74),(59,74),(60,74),(216,74),(217,74),(218,74),(219,74),(220,74),(221,74),(222,74),(223,74),(224,74),(225,74),(226,74),(227,74),(228,74),(229,74),(230,74),(231,74),(232,74),(233,74),(234,74),(235,74),(236,74),(237,74),(238,74),(239,74),(1,75),(2,75),(3,75),(4,75),(5,75),(6,75),(7,75),(59,75),(60,75),(216,75),(217,75),(218,75),(219,75),(220,75),(221,75),(222,75),(223,75),(224,75),(225,75),(226,75),(227,75),(228,75),(229,75),(230,75),(231,75),(232,75),(233,75),(234,75),(235,75),(236,75),(237,75),(238,75),(239,75),(1,76),(2,76),(3,76),(4,76),(5,76),(6,76),(7,76),(59,76),(60,76),(216,76),(217,76),(218,76),(219,76),(220,76),(221,76),(222,76),(223,76),(224,76),(225,76),(226,76),(227,76),(228,76),(229,76),(230,76),(231,76),(232,76),(233,76),(234,76),(235,76),(236,76),(237,76),(238,76),(239,76),(1,77),(2,77),(3,77),(4,77),(5,77),(6,77),(7,77),(59,77),(60,77),(216,77),(217,77),(218,77),(219,77),(220,77),(221,77),(222,77),(223,77),(224,77),(225,77),(226,77),(227,77),(228,77),(229,77),(230,77),(231,77),(232,77),(233,77),(234,77),(235,77),(236,77),(237,77),(238,77),(239,77),(1,78),(2,78),(3,78),(4,78),(5,78),(6,78),(7,78),(59,78),(60,78),(216,78),(217,78),(218,78),(219,78),(220,78),(221,78),(222,78),(223,78),(224,78),(225,78),(226,78),(227,78),(228,78),(229,78),(230,78),(231,78),(232,78),(233,78),(234,78),(235,78),(236,78),(237,78),(238,78),(239,78),(1,79),(2,79),(3,79),(4,79),(5,79),(6,79),(7,79),(59,79),(60,79),(216,79),(217,79),(218,79),(219,79),(220,79),(221,79),(222,79),(223,79),(224,79),(225,79),(226,79),(227,79),(228,79),(229,79),(230,79),(231,79),(232,79),(233,79),(234,79),(235,79),(236,79),(237,79),(238,79),(239,79),(1,80),(2,80),(3,80),(4,80),(5,80),(6,80),(7,80),(59,80),(60,80),(216,80),(217,80),(218,80),(219,80),(220,80),(221,80),(222,80),(223,80),(224,80),(225,80),(226,80),(227,80),(228,80),(229,80),(230,80),(231,80),(232,80),(233,80),(234,80),(235,80),(236,80),(237,80),(238,80),(239,80),(1,81),(3,81),(4,81),(5,81),(6,81),(7,81),(59,81),(60,81),(216,81),(217,81),(218,81),(219,81),(220,81),(221,81),(222,81),(223,81),(224,81),(225,81),(226,81),(227,81),(228,81),(229,81),(230,81),(231,81),(232,81),(233,81),(234,81),(235,81),(236,81),(237,81),(238,81),(239,81);
/*!40000 ALTER TABLE `use_permission_work_formality` ENABLE KEYS */;
UNLOCK TABLES;

--
-- Table structure for table `use_user`
--

DROP TABLE IF EXISTS `use_user`;
/*!40101 SET @saved_cs_client     = @@character_set_client */;
/*!40101 SET character_set_client = utf8 */;
CREATE TABLE `use_user` (
  `id` bigint(20) unsigned NOT NULL AUTO_INCREMENT,
  `service_management_id` bigint(20) NOT NULL,
  `auth_key` varchar(32) COLLATE utf8mb4_unicode_ci DEFAULT NULL,
  `access_token` varchar(40) COLLATE utf8mb4_unicode_ci DEFAULT NULL,
  `email` varchar(255) COLLATE utf8mb4_unicode_ci DEFAULT NULL,
  `user_group_id` int(11) DEFAULT NULL,
  `full_name` varchar(50) COLLATE utf8mb4_unicode_ci DEFAULT NULL,
  `phone` varchar(13) COLLATE utf8mb4_unicode_ci NOT NULL,
  `logged_at` timestamp NULL DEFAULT NULL,
  `status` smallint(6) NOT NULL DEFAULT '1',
  `created_at` timestamp NULL DEFAULT NULL,
  `updated_at` timestamp NULL DEFAULT NULL,
  PRIMARY KEY (`id`)
) ENGINE=InnoDB AUTO_INCREMENT=380 DEFAULT CHARSET=utf8mb4 COLLATE=utf8mb4_unicode_ci;
/*!40101 SET character_set_client = @saved_cs_client */;

--
-- Dumping data for table `use_user`
--

LOCK TABLES `use_user` WRITE;
/*!40000 ALTER TABLE `use_user` DISABLE KEYS */;
INSERT INTO `use_user` VALUES (1,2,NULL,NULL,'erpmanager@gmail.com',NULL,'Administrator','1234567895',NULL,1,'2022-01-03 19:28:51','2022-01-03 19:28:51'),(2,2,NULL,NULL,'thechu@tuoitre.com.vn',2,'LÊ THẾ CHỮ','0903912640',NULL,1,'2022-01-03 19:29:06','2022-09-19 17:22:57'),(3,2,NULL,NULL,'lexuantrung@tuoitre.com.vn',1,'LÊ XUÂN TRUNG','0903933535',NULL,1,'2022-01-03 19:29:07','2022-09-19 16:13:15'),(4,2,NULL,NULL,'minhtrung@tuoitre.com.vn',1,'ĐINH MINH TRUNG','0907128794',NULL,1,'2022-01-03 19:29:07','2022-09-19 16:13:15'),(5,2,NULL,NULL,'nguyennh@tuoitre.com.vn',1,'NGUYỄN HOÀNG NGUYÊN','0918495491',NULL,1,'2022-01-03 19:29:08','2022-09-19 16:13:15'),(6,2,NULL,NULL,'buithanh@tuoitre.com.vn',1,'BÙI VĂN THANH','0903810708',NULL,1,'2022-01-03 19:29:09','2022-09-19 16:13:15'),(7,2,NULL,NULL,'xuantoan@tuoitre.com.vn',1,'TRẦN XUÂN TOÀN','0918131549',NULL,1,'2022-01-03 19:29:09','2022-09-19 16:13:15'),(8,2,NULL,NULL,'nguyenthihuong@tuoitre.com.vn',1,'NGUYỄN THỊ HƯƠNG','0918917182',NULL,1,'2022-01-03 19:29:10','2022-09-19 16:13:15'),(9,2,NULL,NULL,'minhnh@tuoitre.com.vn',1,'NGUYỄN HỒNG MINH','0913723274',NULL,1,'2022-01-03 19:29:11','2022-09-19 16:13:15'),(10,2,NULL,NULL,'datrang@tuoitre.com.vn',6,'DƯƠNG ĐỨC ĐÀ TRANG','0913227491',NULL,1,'2022-01-03 19:29:11','2022-09-19 16:13:17'),(11,2,NULL,NULL,'hathachhan@tuoitre.com.vn',3,'LÊ THANH LIÊM','0989443336',NULL,1,'2022-01-03 19:29:12','2022-09-19 16:13:16'),(12,2,NULL,NULL,'ntu@tuoitre.com.vn',3,'NGUYỄN TRƯỜNG UY','0913493010',NULL,1,'2022-01-03 19:29:13','2022-09-19 16:13:16'),(13,2,NULL,NULL,'thanhtuyen@tuoitre.com.vn',3,'PHẠM HỒNG THÁI','0903846929',NULL,1,'2022-01-03 19:29:13','2022-09-19 16:13:16'),(14,2,NULL,NULL,'vominhluan@tuoitre.com.vn',3,'VÕ MINH LUẬN','0947492222',NULL,1,'2022-01-03 19:29:14','2022-09-19 16:13:16'),(15,2,NULL,NULL,'duybinh@tuoitre.com.vn',3,'ĐÀO DUY BÌNH','0903874724',NULL,1,'2022-01-03 19:29:15','2022-09-19 16:13:16'),(16,2,NULL,NULL,'linhthoai@tuoitre.com.vn',3,'NGUYỄN HOA LINH THOẠI','0913474676',NULL,1,'2022-01-03 19:29:15','2022-09-19 16:13:16'),(17,2,NULL,NULL,'vohuong@tuoitre.com.vn',3,'VÕ THỊ LAN HƯƠNG','0903335171',NULL,1,'2022-01-03 19:29:16','2022-09-19 16:13:16'),(18,2,NULL,NULL,'dangtuoi@tuoitre.com.vn',3,'ĐẶNG THỊ TƯƠI','0903650256',NULL,1,'2022-01-03 19:29:17','2022-09-19 16:13:16'),(19,2,NULL,NULL,'dtduy@tuoitre.com.vn',3,'ĐOÀN TỪ DUY','0903346257',NULL,1,'2022-01-03 19:29:18','2022-09-19 16:13:16'),(20,2,NULL,NULL,'phucdien@tuoitre.com.vn',104,'NGUYỄN THỊ HOÀNG HÀ','0913669613',NULL,1,'2022-01-03 19:29:18','2022-12-14 07:14:58'),(21,2,NULL,NULL,'nguyenquocviet@tuoitre.com.vn',7,'NGUYỄN QUỐC VIỆT','0918094904',NULL,1,'2022-01-03 19:29:19','2022-09-19 17:22:57'),(22,2,NULL,NULL,'tuyennd@tuoitre.com.vn',104,'NGUYỄN ĐỨC TUYÊN','0908382167',NULL,1,'2022-01-03 19:29:20','2022-12-14 07:15:30'),(23,2,NULL,NULL,'lananh@tuoitre.com.vn',6,'NGUYỄN THỊ LAN ANH','0903231326',NULL,1,'2022-01-03 19:29:20','2022-09-19 16:13:17'),(24,2,NULL,NULL,'duongkimthoa@tuoitre.com.vn',6,'DƯƠNG THỊ KIM THOA','0983863855',NULL,1,'2022-01-03 19:29:21','2022-09-19 16:13:17'),(25,2,NULL,NULL,'ngocha@tuoitre.com.vn',61,'NGUYỄN THỊ NGỌC HÀ','0918793478',NULL,1,'2022-01-03 19:29:22','2022-09-19 17:22:55'),(26,2,NULL,NULL,'chautb@tuoitre.com.vn',6,'TRƯƠNG BẢO CHÂU','0903946362',NULL,1,'2022-01-03 19:29:23','2022-09-19 16:13:17'),(27,2,NULL,NULL,'maicong@tuoitre.com.vn',6,'CÙ MAI CÔNG','0903913607',NULL,1,'2022-01-03 19:29:23','2022-09-19 16:13:17'),(28,2,NULL,NULL,'ntliem@tuoitre.com.vn',6,'NGUYỄN THANH LIÊM','0903765549',NULL,1,'2022-01-03 19:29:24','2022-09-19 16:13:17'),(29,2,NULL,NULL,'hainv@tuoitre.com.vn',6,'NGUYỄN VĂN HẢI','0962062289',NULL,1,'2022-01-03 19:29:25','2022-09-19 16:13:17'),(30,2,NULL,NULL,'thuymai@tuoitre.com.vn',6,'ĐÀO NHƯ THÙY MAI','0908660869',NULL,1,'2022-01-03 19:29:25','2022-09-19 16:13:17'),(31,2,NULL,NULL,'hoaitrang@tuoitre.com.vn',6,'PHẠM NGUYỄN HOÀI TRANG','0903742945',NULL,1,'2022-01-03 19:29:26','2022-09-19 16:13:17'),(32,2,NULL,NULL,'dandt@tuoitre.com.vn',104,'DƯƠNG THANH DÂN','0903972692',NULL,1,'2022-01-03 19:29:27','2022-12-14 07:15:16'),(33,2,NULL,NULL,'ngocminh@tuoitre.com.vn',6,'CAO XUÂN TRƯỜNG','0902977387',NULL,1,'2022-01-03 19:29:27','2022-09-19 16:13:17'),(34,2,NULL,NULL,'catkhue@tuoitre.com.vn',6,'LÊ THỊ THÁI HÒA','0912631977',NULL,1,'2022-01-03 19:29:28','2022-09-19 16:13:17'),(35,2,NULL,NULL,'thuychung@tuoitre.com.vn',6,'HOÀNG THỦY CHUNG','0985192504',NULL,1,'2022-01-03 19:29:29','2022-09-19 16:13:17'),(36,2,NULL,NULL,'nguyentrieu@tuoitre.com.vn',6,'NGUYỄN VĂN TRIỀU','0918843850',NULL,1,'2022-01-03 19:29:29','2022-09-19 16:13:17'),(37,2,NULL,NULL,'hongtuoi@tuoitre.com.vn',6,'TRẦN THỊ HỒNG TƯƠI','0989334868',NULL,1,'2022-01-03 19:29:30','2022-09-19 16:13:17'),(38,2,NULL,NULL,'kimnhung@tuoitre.com.vn',6,'VÕ THỊ KIM NHUNG','0908819600',NULL,1,'2022-01-03 19:29:31','2022-09-19 16:13:17'),(39,2,NULL,NULL,'giatien@tuoitre.com.vn',62,'TRẦN GIA TIẾN','0918737335',NULL,1,'2022-01-03 19:29:32','2022-09-19 16:13:45'),(40,2,NULL,NULL,'thienlt@tuoitre.com.vn',62,'LÊ TRỊ THIÊN','0969745953',NULL,1,'2022-01-03 19:29:32','2022-09-19 16:13:45'),(41,2,NULL,NULL,'anhthoa@tuoitre.com.vn',37,'ĐẶNG ANH TUẤN','0936888910',NULL,1,'2022-01-03 19:29:33','2022-09-19 16:13:32'),(42,2,NULL,NULL,'tanduc@tuoitre.com.vn',37,'ĐẶNG TẤN ĐỨC','0913197182',NULL,1,'2022-01-03 19:29:34','2022-09-19 16:13:32'),(43,2,NULL,NULL,'quocthanh@tuoitre.com.vn',37,'NGUYỄN VĂN THANH','0913731960',NULL,1,'2022-01-03 19:29:34','2022-09-19 16:13:32'),(44,2,NULL,NULL,'hanhnh@tuoitre.com.vn',84,'NGUYỄN HỮU HẠNH','0919555515',NULL,1,'2022-01-03 19:29:35','2022-09-19 16:13:53'),(45,2,NULL,NULL,'sanhtai@tuoitre.com.vn',101,'PHẠM SANH TÀI','0918442944',NULL,1,'2022-01-03 19:29:36','2022-12-14 07:12:36'),(46,2,NULL,NULL,'vydung@tuoitre.com.vn',90,'HUỲNH VI DUNG','0988341425',NULL,1,'2022-01-03 19:29:36','2022-09-19 16:13:56'),(47,2,NULL,NULL,'chethan@tuoitre.com.vn',102,'CHẾ XUÂN THÂN','0938575100',NULL,1,'2022-01-03 19:29:37','2022-12-14 07:11:40'),(48,2,NULL,NULL,'campt@tuoitre.com.vn',4,'PHAN THỊ CẦM','0903674805',NULL,1,'2022-01-03 19:29:38','2022-09-19 17:22:57'),(49,2,NULL,NULL,'quenpv@tuoitre.com.vn',35,'PHẠM VĂN QUEN','0918132266',NULL,1,'2022-01-03 19:29:38','2022-09-19 16:13:31'),(50,2,NULL,NULL,'haiminh@tuoitre.com.vn',35,'TRẦN TRỌNG HẢI MINH','0918335697',NULL,1,'2022-01-03 19:29:39','2022-09-19 16:13:31'),(51,2,NULL,NULL,'truongson@tuoitre.com.vn',35,'LƯƠNG NGUYỄN TRƯỜNG SƠN','0919931850',NULL,1,'2022-01-03 19:29:40','2022-09-19 16:13:31'),(52,2,NULL,NULL,'tienhung@tuoitre.com.vn',5,'NGUYỄN VĂN TIẾN HÙNG','0979797023',NULL,1,'2022-01-03 19:29:40','2022-09-19 17:22:57'),(53,2,NULL,NULL,'thaonp@tuoitre.com.vn',36,'NGUYỄN PHƯƠNG THẢO','0903755675',NULL,1,'2022-01-03 19:29:41','2022-09-19 16:13:32'),(54,2,NULL,NULL,'leanhphong@tuoitre.com.vn',36,'LÊ ANH PHONG','0904300667',NULL,1,'2022-01-03 19:29:42','2022-09-19 16:13:32'),(55,2,NULL,NULL,'quynhnguyen@tuoitre.com.vn',36,'NGUYỄN NGỌC HỒNG QUỲNH','0908318603',NULL,1,'2022-01-03 19:29:42','2022-09-19 16:13:32'),(56,2,NULL,NULL,'nguyenluongthao@tuoitre.com.vn',70,'NGUYỄN THỊ LƯƠNG THẢO','0913885618',NULL,1,'2022-01-03 19:29:43','2022-09-19 16:13:48'),(57,2,NULL,NULL,'dangtran@tuoitre.com.vn',70,'TRẦN PHẠM HẢI ĐĂNG','0908534299',NULL,1,'2022-01-03 19:29:44','2022-09-19 16:13:48'),(58,2,NULL,NULL,'viensu@tuoitre.com.vn',27,'NGUYỄN VIỄN SỰ','0983103830',NULL,1,'2022-01-03 19:29:44','2022-09-19 17:22:56'),(59,2,NULL,NULL,'quangkhai@tuoitre.com.vn',28,'TRẦN QUANG KHẢI','0918710634',NULL,1,'2022-01-03 19:29:45','2022-09-19 17:22:56'),(60,2,NULL,NULL,'duongngocha@tuoitre.com.vn',86,'DƯƠNG THỊ NGỌC HÀ','0908364421',NULL,1,'2022-01-03 19:29:46','2022-09-19 16:13:54'),(61,2,NULL,NULL,'thuyduong@tuoitre.com.vn',86,'PHÍ THỊ THÙY DƯƠNG','0908184887',NULL,1,'2022-01-03 19:29:47','2022-09-19 16:13:54'),(62,2,NULL,NULL,'hoangloc@tuoitre.com.vn',86,'NGUYỄN VĂN LỘC','0902787565',NULL,1,'2022-01-03 19:29:47','2022-09-19 16:13:54'),(63,2,NULL,NULL,'ducphu@tuoitre.com.vn',86,'TRẦN ĐỨC PHÚ','0966937929',NULL,1,'2022-01-03 19:29:48','2022-09-19 16:13:54'),(64,2,NULL,NULL,'sonbinh@tuoitre.com.vn',NULL,'ĐẶNG SƠN BÌNH','0917446292',NULL,1,'2022-01-03 19:29:49','2022-01-03 19:29:49'),(65,2,NULL,NULL,'hoangdiep@tuoitre.com.vn',86,'ĐỖ THỊ HỒNG ĐIỆP','0913033653',NULL,1,'2022-01-03 19:29:49','2022-09-19 16:13:54'),(66,2,NULL,NULL,'tienlong@tuoitre.com.vn',86,'ĐẶNG TIẾN LONG','0983765313',NULL,1,'2022-01-03 19:29:50','2022-09-19 16:13:54'),(67,2,NULL,NULL,'dongha@tuoitre.com.vn',86,'LÊ ĐÌNH THÌN','0908190299',NULL,1,'2022-01-03 19:29:51','2022-09-19 16:13:54'),(68,2,NULL,NULL,'sondinh@tuoitre.com.vn',86,'BÙI TÂN SƠN ĐỊNH','0903669626',NULL,1,'2022-01-03 19:29:51','2022-09-19 16:13:54'),(69,2,NULL,NULL,'ngockhai@tuoitre.com.vn',86,'NGUYỄN NGỌC KHẢI','0903674964',NULL,1,'2022-01-03 19:29:52','2022-09-19 16:13:54'),(70,2,NULL,NULL,'bason@tuoitre.com.vn',86,'NGUYỄN BÁ SƠN','0902433234',NULL,1,'2022-01-03 19:29:53','2022-09-19 16:13:54'),(71,2,NULL,NULL,'luunhan@tuoitre.com.vn',86,'LƯU NGUYỄN ÁI NHÂN','0909867850',NULL,1,'2022-01-03 19:29:53','2022-09-19 16:13:54'),(72,2,NULL,NULL,'tuyetmai@tuoitre.com.vn',86,'NGUYỄN THỊ TUYẾT MAI','0933570505',NULL,1,'2022-01-03 19:29:54','2022-09-19 16:13:54'),(73,2,NULL,NULL,'xuanmai@tuoitre.com.vn',86,'PHÙNG THỊ XUÂN MAI','0388337019',NULL,1,'2022-01-03 19:29:55','2022-09-19 16:13:54'),(74,2,NULL,NULL,'thanhhieu@tuoitre.com.vn',86,'LÊ THANH HIẾU','0397703469',NULL,1,'2022-01-03 19:29:55','2022-09-19 16:13:54'),(75,2,NULL,NULL,'aloc@tuoitre.com.vn',86,'LIỀU A LỘC','0938990178',NULL,1,'2022-01-03 19:29:56','2022-09-19 16:13:54'),(76,2,NULL,NULL,'minhhoa@tuoitre.com.vn',86,'NGUYỄN MINH HÒA','0933447852',NULL,1,'2022-01-03 19:29:57','2022-09-19 16:13:54'),(77,2,NULL,NULL,'quoclinh@tuoitre.com.vn',30,'TRẦN QUỐC LINH','0918142061',NULL,1,'2022-01-03 19:29:57','2022-09-19 17:22:56'),(78,2,NULL,NULL,'kimanh@tuoitre.com.vn',93,'PHẠM THỊ KIM ANH','0903976465',NULL,1,'2022-01-03 19:29:58','2022-09-19 16:13:57'),(79,2,NULL,NULL,'congnhat@tuoitre.com.vn',93,'PHẠM CÔNG NHẬT','0903371300',NULL,1,'2022-01-03 19:29:59','2022-09-19 16:13:57'),(80,2,NULL,NULL,'vuthuy@tuoitre.com.vn',93,'VŨ THỊ THỦY','0937114339',NULL,1,'2022-01-03 19:29:59','2022-09-19 16:13:57'),(81,2,NULL,NULL,'congtrieu@tuoitre.com.vn',93,'NGUYỄN CÔNG TRIỆU','0932543181',NULL,1,'2022-01-03 19:30:00','2022-09-19 16:13:57'),(82,2,NULL,NULL,'dungbt@tuoitre.com.vn',11,'BÙI TIẾN DŨNG','0982125684',NULL,1,'2022-01-03 19:30:01','2022-09-19 17:22:57'),(83,2,NULL,NULL,'habinh@tuoitre.com.vn',26,'PHẠM CAO CƯỜNG','0977102752',NULL,1,'2022-01-03 19:30:01','2022-09-19 17:22:56'),(84,2,NULL,NULL,'hoanghuong@tuoitre.com.vn',91,'HOÀNG THỊ HƯƠNG','0913670497',NULL,1,'2022-01-03 19:30:02','2022-09-19 16:13:56'),(85,2,NULL,NULL,'tranhuynh@tuoitre.com.vn',91,'TRẦN NGỌC QUÝ','0913124017',NULL,1,'2022-01-03 19:30:03','2022-09-19 16:13:56'),(86,2,NULL,NULL,'minhgiang@tuoitre.com.vn',91,'LÊ MINH GIẢNG','0908839181',NULL,1,'2022-01-03 19:30:03','2022-09-19 16:13:56'),(87,2,NULL,NULL,'thaothuong@tuoitre.com.vn',92,'ĐẶNG THỊ THẢO THƯƠNG','0981419781',NULL,1,'2022-01-03 19:30:04','2022-09-19 16:13:56'),(88,2,NULL,NULL,'trongnhan@tuoitre.com.vn',91,'TRẦN TRỌNG NHÂN','0949263517',NULL,1,'2022-01-03 19:30:05','2022-09-19 16:13:56'),(89,2,NULL,NULL,'bhvu@tuoitre.com.vn',9,'BÙI HOÀNG VŨ','0907160964',NULL,1,'2022-01-03 19:30:05','2022-09-19 17:22:57'),(90,2,NULL,NULL,'sihuyenho@tuoitre.com.vn',89,'HỒ SĨ HUYÊN','0903900471',NULL,1,'2022-01-03 19:30:06','2022-09-19 16:13:55'),(91,2,NULL,NULL,'nguyenkhoi@tuoitre.com.vn',89,'TRẦN NGÔ NGUYÊN KHÔI','0903932960',NULL,1,'2022-01-03 19:30:07','2022-09-19 16:13:55'),(92,2,NULL,NULL,'tanphuc@tuoitre.com.vn',89,'PHẠM TẤN PHÚC','0907550568',NULL,1,'2022-01-03 19:30:07','2022-09-19 16:13:55'),(93,2,NULL,NULL,'huydang@tuoitre.com.vn',89,'PHAN HUY ĐĂNG','0938251751',NULL,1,'2022-01-03 19:30:08','2022-09-19 16:13:55'),(94,2,NULL,NULL,'hoaidu@tuoitre.com.vn',89,'LÊ HOÀI DƯ','0933158584',NULL,1,'2022-01-03 19:30:09','2022-09-19 16:13:55'),(95,2,NULL,NULL,'quocthang@tuoitre.com.vn',89,'NGUYỄN QUỐC THẮNG','0919379369',NULL,1,'2022-01-03 19:30:09','2022-09-19 16:13:55'),(96,2,NULL,NULL,'dangdv@tuoitre.com.vn',12,'ĐÀM VĂN ĐẢNG','0983599769',NULL,1,'2022-01-03 19:30:10','2022-09-19 17:22:57'),(97,2,NULL,NULL,'haidang@tuoitre.com.vn',25,'NGUYỄN ĐÌNH ĐĂNG','0913752234',NULL,1,'2022-01-03 19:30:11','2022-09-19 17:22:56'),(98,2,NULL,NULL,'anhhongnt@tuoitre.com.vn',92,'NGUYỄN THỊ ÁNH HỒNG','0917215037',NULL,1,'2022-01-03 19:30:11','2022-09-19 16:13:56'),(99,2,NULL,NULL,'tranvunghi@tuoitre.com.vn',NULL,'NGUYỄN VŨ THANH HIỀN','0913907292',NULL,1,'2022-01-03 19:30:12','2022-01-03 19:30:12'),(100,2,NULL,NULL,'tranmanh@tuoitre.com.vn',3,'TRẦN VĂN MẠNH','0888043388',NULL,1,'2022-01-03 19:30:13','2022-09-19 16:13:16'),(101,2,NULL,NULL,'nhubinh@tuoitre.com.vn',92,'VŨ THỊ NHƯ BÌNH','0908835867',NULL,1,'2022-01-03 19:30:13','2022-09-19 16:13:56'),(102,2,NULL,NULL,'ngochien@tuoitre.com.vn',92,'LÊ NGỌC HIỂN','0988790736',NULL,1,'2022-01-03 19:30:14','2022-09-19 16:13:56'),(103,2,NULL,NULL,'congtrung@tuoitre.com.vn',92,'NGÔ CÔNG TRUNG','0908600003',NULL,1,'2022-01-03 19:30:15','2022-09-19 16:13:56'),(104,2,NULL,NULL,'bongmai@tuoitre.com.vn',92,'NGUYỄN THỊ TUYẾT MAI (BM)','0909386629',NULL,1,'2022-01-03 19:30:16','2022-09-19 16:13:56'),(105,2,NULL,NULL,'bichdau@tuoitre.com.vn',10,'ĐÀO THỊ BÍCH DẬU','0977014345',NULL,1,'2022-01-03 19:30:16','2022-09-19 17:22:57'),(106,2,NULL,NULL,'hoangle@tuoitre.com.vn',90,'HOÀNG THỊ LÊ','0903871952',NULL,1,'2022-01-03 19:30:17','2022-09-19 16:13:56'),(107,2,NULL,NULL,'legiang@tuoitre.com.vn',90,'NGUYỄN THỊ LÊ GIANG','0904744625',NULL,1,'2022-01-03 19:30:18','2022-09-19 16:13:56'),(108,2,NULL,NULL,'linhdoan@tuoitre.com.vn',90,'TRẦN THỊ LINH ĐOAN','0913772264',NULL,1,'2022-01-03 19:30:18','2022-09-19 16:13:56'),(109,2,NULL,NULL,'nguyenhoaiphuong@tuoitre.com.vn',90,'NGUYỄN HOÀI PHƯƠNG','0917867171',NULL,1,'2022-01-03 19:30:19','2022-09-19 16:13:56'),(110,2,NULL,NULL,'lamdien@tuoitre.com.vn',NULL,'NGUYỄN LAM ĐIỀN','0913704364',NULL,1,'2022-01-03 19:30:20','2022-12-22 03:40:42'),(111,2,NULL,NULL,'thailoc@tuoitre.com.vn',87,'HOÀNG THÁI LỘC','0914025315',NULL,1,'2022-01-03 19:30:20','2022-09-19 16:13:55'),(112,2,NULL,NULL,'leducduc@tuoitre.com.vn',NULL,'LÊ ĐỨC DỤC','0905290579',NULL,1,'2022-01-03 19:30:21','2022-12-22 03:37:35'),(113,2,NULL,NULL,'phamvu@tuoitre.com.vn',87,'PHẠM VŨ QUỲNH HƯƠNG','0913902345',NULL,1,'2022-01-03 19:30:22','2022-09-19 16:13:55'),(114,2,NULL,NULL,'nguyentientrinh@tuoitre.com.vn',87,'NGUYỄN TIẾN TRÌNH','0934769777',NULL,1,'2022-01-03 19:30:23','2022-09-19 16:13:55'),(115,2,NULL,NULL,'minhtu@tuoitre.com.vn',87,'LÊ VĂN MINH TỰ','0913449394',NULL,1,'2022-01-03 19:30:23','2022-09-19 16:13:55'),(116,2,NULL,NULL,'vuanhtuan@tuoitre.com.vn',87,'VŨ ANH TUẤN','0832208181',NULL,1,'2022-01-03 19:30:24','2022-09-19 16:13:55'),(117,2,NULL,NULL,'trungpq@tuoitre.com.vn',8,'PHẠM QUỲNH TRUNG','0984137310',NULL,1,'2022-01-03 19:30:25','2022-09-19 17:22:57'),(118,2,NULL,NULL,'toantv@tuoitre.com.vn',29,'TRƯƠNG VIỆT TOÀN','0919060374',NULL,1,'2022-01-03 19:30:25','2022-09-19 17:22:56'),(119,2,NULL,NULL,'binhphuongthao@tuoitre.com.vn',39,'NGUYỄN BÌNH PHƯƠNG THẢO','0908897873',NULL,1,'2022-01-03 19:30:26','2022-09-19 17:22:56'),(120,2,NULL,NULL,'hongvan@tuoitre.com.vn',88,'PHẠM THỊ HỒNG VÂN','0909267994',NULL,1,'2022-01-03 19:30:27','2022-09-19 16:13:55'),(121,2,NULL,NULL,'duykhang@tuoitre.com.vn',88,'CAO DUY KHANG','0933202766',NULL,1,'2022-01-03 19:30:27','2022-09-19 16:13:55'),(122,2,NULL,NULL,'anhthu@tuoitre.com.vn',NULL,'LÊ ANH THƯ','0906140372',NULL,1,'2022-01-03 19:30:28','2022-12-14 08:34:58'),(123,2,NULL,NULL,'duylinh@tuoitre.com.vn',88,'HÀNG DUY LINH','0948953971',NULL,1,'2022-01-03 19:30:29','2022-09-19 16:13:55'),(124,2,NULL,NULL,'ngocdong@tuoitre.com.vn',88,'NGUYỄN NAM NGỌC ĐÔNG','0907184143',NULL,1,'2022-01-03 19:30:29','2022-09-19 16:13:55'),(125,2,NULL,NULL,'tranphuong@tuoitre.com.vn',88,'TRẦN PHƯƠNG','0902342035',NULL,1,'2022-01-03 19:30:30','2022-09-19 16:13:55'),(126,2,NULL,NULL,'baoanh@tuoitre.com.vn',88,'TRẦN PHAN BẢO ANH','0969940507',NULL,1,'2022-01-03 19:30:31','2022-09-19 16:13:55'),(127,2,NULL,NULL,'tranbaoanh@tuoitre.com.vn',88,'TRẦN BẢO ANH','0856026476',NULL,1,'2022-01-03 19:30:31','2022-09-19 16:13:55'),(128,2,NULL,NULL,'vunguyenhanh@tuoitre.com.vn',88,'VŨ NGUYÊN HẠNH','0912839216',NULL,1,'2022-01-03 19:30:32','2022-09-19 16:13:55'),(129,2,NULL,NULL,'dungtt@tuoitre.com.vn',84,'TRẦN TIẾN DŨNG','0903814874',NULL,1,'2022-01-03 19:30:33','2022-09-19 16:13:53'),(130,2,NULL,NULL,'quangdinh@tuoitre.com.vn',84,'TRẦN QUANG ĐỊNH','0968258935',NULL,1,'2022-01-03 19:30:33','2022-09-19 16:13:53'),(131,2,NULL,NULL,'tutrung@tuoitre.com.vn',85,'LÊ TỰ TRUNG','0903919324',NULL,1,'2022-01-03 19:30:34','2022-09-19 16:28:36'),(132,2,NULL,NULL,'duyenphan@tuoitre.com.vn',84,'PHAN THỊ DUYÊN','0963214285',NULL,1,'2022-01-03 19:30:35','2022-09-19 16:13:53'),(133,2,NULL,NULL,'damdht@tuoitre.com.vn',63,'ĐÀO HÀ THANH ĐẠM','0913926060',NULL,1,'2022-01-03 19:30:35','2022-09-19 17:22:55'),(134,2,NULL,NULL,'chuongnh@tuoitre.com.vn',44,'NGUYỄN HUY CHƯƠNG','0918763890',NULL,1,'2022-01-03 19:30:36','2022-09-19 17:22:55'),(135,2,NULL,NULL,'thinhvq@tuoitre.com.vn',69,'VÕ QUANG THỊNH','0918636121',NULL,1,'2022-01-03 19:30:37','2022-09-19 16:13:48'),(136,2,NULL,NULL,'trancongdung@tuoitre.com.vn',105,'TRẦN CÔNG DŨNG','0908863041',NULL,1,'2022-01-03 19:30:37','2022-12-14 06:47:28'),(137,2,NULL,NULL,'tnhukhanh@tuoitre.com.vn',40,'TRẦN NHƯ KHANH','0903393515',NULL,1,'2022-01-03 19:30:38','2022-09-19 17:22:56'),(138,2,NULL,NULL,'nguyenngocthuan@tuoitre.com.vn',65,'NGUYỄN NGỌC THUẦN','0908142856',NULL,1,'2022-01-03 19:30:39','2022-09-19 16:13:46'),(139,2,NULL,NULL,'nguyentuananh@tuoitre.com.vn',65,'NGUYỄN TUẤN ANH','0933800868',NULL,1,'2022-01-03 19:30:39','2022-09-19 16:13:46'),(140,2,NULL,NULL,'tandat@tuoitre.com.vn',65,'NGUYỄN TẤN ĐẠT (HS)','0908288486',NULL,1,'2022-01-03 19:30:40','2022-09-19 16:13:46'),(141,2,NULL,NULL,'ductuan@tuoitre.com.vn',65,'NGUYỄN ĐỨC TUẤN','0903873120',NULL,1,'2022-01-03 19:30:41','2022-09-19 16:13:46'),(142,2,NULL,NULL,'ngthanh@tuoitre.com.vn',41,'NGUYỄN VĂN THANH (VT)','0913766007',NULL,1,'2022-01-03 19:30:42','2022-09-19 17:22:56'),(143,2,NULL,NULL,'vtnhan@tuoitre.com.vn',66,'VÕ THÀNH NHÂN','0919099007',NULL,1,'2022-01-03 19:30:42','2022-09-19 16:13:47'),(144,2,NULL,NULL,'votan@tuoitre.com.vn',66,'VÕ TÂN','0905114919',NULL,1,'2022-01-03 19:30:43','2022-09-19 16:13:47'),(145,2,NULL,NULL,'duynn@tuoitre.com.vn',66,'NGUYỄN NGỌC DUY','0903177639',NULL,1,'2022-01-03 19:30:44','2022-09-19 16:13:47'),(146,2,NULL,NULL,'ngocthanh@tuoitre.com.vn',103,'THÁI TRẦN NGỌC THÀNH','0908234807',NULL,1,'2022-01-03 19:30:44','2022-12-14 07:14:01'),(147,2,NULL,NULL,'cuongvh@tuoitre.com.vn',66,'VÕ HUY CƯỜNG','0907223793',NULL,1,'2022-01-03 19:30:45','2022-09-19 16:13:47'),(148,2,NULL,NULL,'manhtanh@tuoitre.com.vn',66,'BÙI MẠNH TÁNH','0908896223',NULL,1,'2022-01-03 19:30:46','2022-09-19 16:13:47'),(149,2,NULL,NULL,'giangson@tuoitre.com.vn',66,'LÊ NGUYỄN GIANG SƠN','0983886547',NULL,1,'2022-01-03 19:30:46','2022-09-19 16:13:47'),(150,2,NULL,NULL,'quangminh@tuoitre.com.vn',66,'NGUYỄN QUANG MINH (KTTB)','0907882368',NULL,1,'2022-01-03 19:30:47','2022-09-19 16:13:47'),(151,2,NULL,NULL,'minhnhat@tuoitre.com.vn',66,'ĐOÀN MINH NHẬT','0903874220',NULL,1,'2022-01-03 19:30:48','2022-09-19 16:13:47'),(152,2,NULL,NULL,'baonghi@tuoitre.com.vn',42,'PHẠM NGUYỄN BẢO NGHI','0908599476',NULL,1,'2022-01-03 19:30:49','2022-09-19 17:22:56'),(153,2,NULL,NULL,'thaibinh@tuoitre.com.vn',67,'HUỲNH THANH BÌNH','0903691691',NULL,1,'2022-01-03 19:30:49','2022-09-19 16:13:47'),(154,2,NULL,NULL,'baongoc@tuoitre.com.vn',67,'HUỲNH THỊ BẢO NGỌC','0903152588',NULL,1,'2022-01-03 19:30:50','2022-09-19 16:13:47'),(155,2,NULL,NULL,'nguyenquockha@tuoitre.com.vn',67,'NGUYỄN QUỐC KHA','0986973637',NULL,1,'2022-01-03 19:30:51','2022-09-19 16:13:47'),(156,2,NULL,NULL,'nguyentiendat@tuoitre.com.vn',67,'NGUYỄN TIẾN ĐẠT','0903258526',NULL,1,'2022-01-03 19:30:51','2022-09-19 16:13:47'),(157,2,NULL,NULL,'nhattoan@tuoitre.com.vn',67,'TRẦN VĨNH NHẬT TOÀN','0918374369',NULL,1,'2022-01-03 19:30:52','2022-09-19 16:13:47'),(158,2,NULL,NULL,'tranquocthang@tuoitre.com.vn',67,'TRẦN QUỐC THẮNG','0918030060',NULL,1,'2022-01-03 19:30:53','2022-09-19 16:13:47'),(159,2,NULL,NULL,'thaihocsinh@tuoitre.com.vn',67,'THÁI HỌC SINH','0908121223',NULL,1,'2022-01-03 19:30:53','2022-09-19 16:13:47'),(160,2,NULL,NULL,'dangbacanh@tuoitre.com.vn',67,'ĐẶNG BÁ CẢNH','0913611192',NULL,1,'2022-01-03 19:30:54','2022-09-19 16:13:47'),(161,2,NULL,NULL,'vuthithuvan@tuoitre.com.vn',67,'VŨ THỊ THU VÂN','0902529068',NULL,1,'2022-01-03 19:30:55','2022-09-19 16:13:47'),(162,2,NULL,NULL,'hoanglinh@tuoitre.com.vn',67,'HOÀNG LINH','0966661535',NULL,1,'2022-01-03 19:30:55','2022-09-19 16:13:47'),(163,2,NULL,NULL,'myduyen@tuoitre.com.vn',43,'TRẦN THỊ MỸ DUYÊN','0903971509',NULL,1,'2022-01-03 19:30:56','2022-09-19 17:22:55'),(164,2,NULL,NULL,'tinq@tuoitre.com.vn',68,'QUÍ TÍN','0777260577',NULL,1,'2022-01-03 19:30:57','2022-09-19 16:13:47'),(165,2,NULL,NULL,'phantuan@tuoitre.com.vn',68,'PHAN THANH TUẤN','0902989326',NULL,1,'2022-01-03 19:30:58','2022-09-19 16:13:47'),(166,2,NULL,NULL,'tangquynh@tuoitre.com.vn',13,'NGUYỄN TĂNG QUỲNH','0903762644',NULL,1,'2022-01-03 19:30:58','2022-09-19 17:22:57'),(167,2,NULL,NULL,'vietdien@tuoitre.com.vn',72,'BÙI LÊ THANH ĐIỀN','0903819185',NULL,1,'2022-01-03 19:30:59','2022-09-19 16:13:49'),(168,2,NULL,NULL,'doquyen@tuoitre.com.vn',72,'NGUYỄN THỊ ĐỖ QUYÊN','0903728367',NULL,1,'2022-01-03 19:31:00','2022-09-19 16:13:49'),(169,2,NULL,NULL,'thuytien@tuoitre.com.vn',72,'LÊ THỊ THỦY TIÊN','0909640266',NULL,1,'2022-01-03 19:31:00','2022-09-19 16:13:49'),(170,2,NULL,NULL,'phandac@tuoitre.com.vn',14,'PHAN VĂN ĐẮC','0913999009',NULL,1,'2022-01-03 19:31:01','2022-09-19 17:22:57'),(171,2,NULL,NULL,'oanhntt@tuoitre.com.vn',72,'NGUYỄN THỊ TỐ OANH','0913804883',NULL,1,'2022-01-03 19:31:02','2022-09-19 16:13:49'),(172,2,NULL,NULL,'truongthithanhthuy@tuoitre.com.vn',NULL,'TRƯƠNG THỊ THANH THỦY','0395226228',NULL,1,'2022-01-03 19:31:02','2022-01-03 19:31:02'),(173,2,NULL,NULL,'dothingocha@tuoitre.com.vn',21,'ĐỖ THỊ NGỌC HÀ','0912930989',NULL,1,'2022-01-03 19:31:03','2022-09-19 17:22:56'),(174,2,NULL,NULL,'ducbinh@tuoitre.com.vn',34,'NGUYỄN ĐỨC BÌNH','0986811159',NULL,1,'2022-01-03 19:31:04','2022-09-19 16:13:31'),(175,2,NULL,NULL,'lekien@tuoitre.com.vn',34,'LÊ TRUNG KIÊN','0979090289',NULL,1,'2022-01-03 19:31:04','2022-09-19 16:13:31'),(176,2,NULL,NULL,'chuhongvan@tuoitre.com.vn',94,'CHU THỊ HỒNG VÂN','0913567120',NULL,1,'2022-01-03 19:31:05','2022-09-19 16:13:57'),(177,2,NULL,NULL,'tuanphung@tuoitre.com.vn',94,'PHÙNG MINH TUẤN','0902101102',NULL,1,'2022-01-03 19:31:06','2022-09-19 16:13:57'),(178,2,NULL,NULL,'khuongxuan@tuoitre.com.vn',94,'KHƯƠNG THỊ XUÂN','0984484184',NULL,1,'2022-01-03 19:31:06','2022-09-19 16:13:57'),(179,2,NULL,NULL,'lethanh@tuoitre.com.vn',94,'LÊ THỊ THANH NHÀN','0975796525',NULL,1,'2022-01-03 19:31:07','2022-09-19 16:13:57'),(180,2,NULL,NULL,'thanhha@tuoitre.com.vn',94,'LÊ THỊ THANH HÀ','0914343010',NULL,1,'2022-01-03 19:31:08','2022-09-19 16:13:57'),(181,2,NULL,NULL,'thanvanhoang@tuoitre.com.vn',94,'THÂN VĂN HOÀNG','0979451851',NULL,1,'2022-01-03 19:31:08','2022-09-19 16:13:57'),(182,2,NULL,NULL,'nguyenkhanh@tuoitre.com.vn',94,'NGUYỄN THÀNH KHÁNH','0986117875',NULL,1,'2022-01-03 19:31:09','2022-09-19 16:13:57'),(183,2,NULL,NULL,'doanhoa@tuoitre.com.vn',94,'THÁI DOÃN HÒA','0979818264',NULL,1,'2022-01-03 19:31:10','2022-09-19 16:13:57'),(184,2,NULL,NULL,'thuyhuong@tuoitre.com.vn',94,'ĐOÀN THỊ THÚY HƯƠNG','0912645355',NULL,1,'2022-01-03 19:31:10','2022-09-19 16:13:57'),(185,2,NULL,NULL,'vantuan@tuoitre.com.vn',94,'ĐẶNG VĂN TUÂN','0986961325',NULL,1,'2022-01-03 19:31:11','2022-09-19 16:13:57'),(186,2,NULL,NULL,'ngocan@tuoitre.com.vn',94,'NGUYỄN THỊ AN','0914585509',NULL,1,'2022-01-03 19:31:12','2022-09-19 16:13:57'),(187,2,NULL,NULL,'vinhht@tuoitre.com.vn',59,'HỒ THANH VINH','0983310774',NULL,1,'2022-01-03 19:31:12','2022-09-19 16:13:44'),(188,2,NULL,NULL,'tienvang@tuoitre.com.vn',59,'NGUYỄN TIẾN VANG','0913074299',NULL,1,'2022-01-03 19:31:13','2022-09-19 16:13:44'),(189,2,NULL,NULL,'mychau@tuoitre.com.vn',NULL,'NGUYỄN THỊ MỸ CHÂU','0908826668',NULL,1,'2022-01-03 19:31:14','2022-01-03 19:31:14'),(190,2,NULL,NULL,'ngocquang@tuoitre.com.vn',59,'NGUYỄN NGỌC QUANG','0978359305',NULL,1,'2022-01-03 19:31:14','2022-09-19 16:13:44'),(191,2,NULL,NULL,'tuanhiep@tuoitre.com.vn',76,'NGUYỄN TUẤN HIỆP','0933698111',NULL,1,'2022-01-03 19:31:15','2022-09-19 16:13:50'),(192,2,NULL,NULL,'hoangminh@tuoitre.com.vn',76,'PHẠM HOÀNG MINH','0988068760',NULL,1,'2022-01-03 19:31:16','2022-09-19 16:13:50'),(193,2,NULL,NULL,'trongthang@tuoitre.com.vn',76,'NGUYỄN TRỌNG THẮNG','0906006663',NULL,1,'2022-01-03 19:31:17','2022-09-19 16:13:50'),(194,2,NULL,NULL,'tienthang@tuoitre.com.vn',94,'NGUYỄN VĂN THẮNG (HN)','0919470266',NULL,1,'2022-01-03 19:31:17','2022-09-19 16:13:57'),(195,2,NULL,NULL,'hahuudong@tuoitre.com.vn',94,'HÀ HỮU ĐỒNG','0913079179',NULL,1,'2022-01-03 19:31:18','2022-09-19 16:13:57'),(196,2,NULL,NULL,'vietdung@tuoitre.com.vn',NULL,'TRẦN VIỆT DŨNG','0903255645',NULL,1,'2022-01-03 19:31:19','2022-01-03 19:31:19'),(197,2,NULL,NULL,'hathanh@tuoitre.com.vn',94,'NGUYỄN THỊ HÀ THANH','0985954502',NULL,1,'2022-01-03 19:31:19','2022-09-19 16:13:57'),(198,2,NULL,NULL,'chitue@tuoitre.com.vn',94,'NGUYỄN CHÍ TUỆ','0974432389',NULL,1,'2022-01-03 19:31:20','2022-09-19 16:13:57'),(199,2,NULL,NULL,'namtran@tuoitre.com.vn',94,'TRẦN NGỌC NAM','0965860013',NULL,1,'2022-01-03 19:31:21','2022-09-19 16:13:57'),(200,2,NULL,NULL,'tranquangthe@tuoitre.com.vn',94,'TRẦN QUANG THẾ','0913679990',NULL,1,'2022-01-03 19:31:21','2022-09-19 16:13:57'),(201,2,NULL,NULL,'duonglieu@tuoitre.com.vn',94,'DƯƠNG THỊ LIỄU','0968366192',NULL,1,'2022-01-03 19:31:22','2022-09-19 16:13:57'),(202,2,NULL,NULL,'danhtrong@tuoitre.com.vn',94,'TRẦN DANH TRỌNG','0328516135',NULL,1,'2022-01-03 19:31:23','2022-09-19 16:13:57'),(203,2,NULL,NULL,'phamanhtuan@tuoitre.com.vn',94,'PHẠM ANH TUẤN','0773349797',NULL,1,'2022-01-03 19:31:23','2022-09-19 16:13:57'),(204,2,NULL,NULL,'hotanvu@tuoitre.com.vn',22,'HỒ TẤN VŨ','0905233845',NULL,1,'2022-01-03 19:31:24','2022-09-19 17:22:56'),(205,2,NULL,NULL,'dangnam@tuoitre.com.vn',38,'ĐẶNG VĂN NAM','0913469936',NULL,1,'2022-01-03 19:31:25','2022-09-19 17:22:56'),(206,2,NULL,NULL,'viethung@tuoitre.com.vn',77,'VÕ QUANG SƠN','0903504379',NULL,1,'2022-01-03 19:31:25','2022-09-19 16:13:51'),(207,2,NULL,NULL,'huukha@tuoitre.com.vn',95,'PHẠM HỮU KHÁ','0985654522',NULL,1,'2022-01-03 19:31:26','2022-09-19 16:13:58'),(208,2,NULL,NULL,'doancuong@tuoitre.com.vn',95,'ĐOÀN VĂN CƯỜNG','0947969424',NULL,1,'2022-01-03 19:31:27','2022-09-19 16:13:58'),(209,2,NULL,NULL,'dungtb@tuoitre.com.vn',95,'THÁI BÁ DŨNG','0913032823',NULL,1,'2022-01-03 19:31:28','2022-09-19 16:13:58'),(210,2,NULL,NULL,'tranmai@tuoitre.com.vn',95,'TRẦN LÊ NINH','0913793949',NULL,1,'2022-01-03 19:31:28','2022-09-19 16:13:58'),(211,2,NULL,NULL,'quocnam@tuoitre.com.vn',95,'NGUYỄN QUỐC NAM','0935029555',NULL,1,'2022-01-03 19:31:29','2022-09-19 16:13:58'),(212,2,NULL,NULL,'nguyenhuutien@tuoitre.com.vn',83,'NGUYỄN HỮU TIẾN','0905712357',NULL,1,'2022-01-03 19:31:30','2022-09-19 16:13:53'),(213,2,NULL,NULL,'thuytrang@tuoitre.com.vn',77,'NGUYỄN THỊ THÙY TRANG','0905405366',NULL,1,'2022-01-03 19:31:30','2022-09-19 16:13:51'),(214,2,NULL,NULL,'nguyenduytan@tuoitre.com.vn',83,'NGUYỄN DUY TẤN','0983665434',NULL,1,'2022-01-03 19:31:31','2022-09-19 16:13:53'),(215,2,NULL,NULL,'lehuusinh@tuoitre.com.vn',83,'LÊ HỮU SINH','0937384488',NULL,1,'2022-01-03 19:31:32','2022-09-19 16:13:53'),(216,2,NULL,NULL,'tranthanhlam@tuoitre.com.vn',77,'TRẦN THANH LÂM','0903534536',NULL,1,'2022-01-03 19:31:33','2022-09-19 16:13:51'),(217,2,NULL,NULL,'letrung@tuoitre.com.vn',95,'LÊ THÀNH TRUNG','0905316835',NULL,1,'2022-01-03 19:31:33','2022-09-19 16:13:58'),(218,2,NULL,NULL,'truongtrung@tuoitre.com.vn',95,'NGUYỄN TRƯỜNG TRUNG','0905137691',NULL,1,'2022-01-03 19:31:34','2022-09-19 16:13:58'),(219,2,NULL,NULL,'phamtanluc@tuoitre.com.vn',95,'PHẠM TẤN LỰC','0935722155',NULL,1,'2022-01-03 19:31:34','2022-09-19 16:13:58'),(220,2,NULL,NULL,'doannhan@tuoitre.com.vn',95,'ĐOÀN THỊ NHẠN','0935044223',NULL,1,'2022-01-03 19:31:35','2022-09-19 16:13:58'),(221,2,NULL,NULL,'huynhhieu@tuoitre.com.vn',23,'NGUYỄN NGỌC HIỂU','0905023823',NULL,1,'2022-01-03 19:31:36','2022-09-19 17:22:56'),(222,2,NULL,NULL,'duythanh@tuoitre.com.vn',96,'NGUYỄN QUỐC KHƯƠNG','0903545351',NULL,1,'2022-01-03 19:31:37','2022-09-19 16:13:58'),(223,2,NULL,NULL,'trungtan@tuoitre.com.vn',96,'NGUYỄN TÀI ĐẠI','0935057686',NULL,1,'2022-01-03 19:31:37','2022-09-19 16:13:58'),(224,2,NULL,NULL,'maivinh@tuoitre.com.vn',96,'ĐÀO ĐỨC BẢO','0967330338',NULL,1,'2022-01-03 19:31:38','2022-09-19 16:13:58'),(225,2,NULL,NULL,'hungpp@tuoitre.com.vn',60,'PHẠM PHÚ HÙNG','0975146879',NULL,1,'2022-01-03 19:31:39','2022-09-19 16:13:45'),(226,2,NULL,NULL,'nguyenthien@tuoitre.com.vn',78,'NGUYỄN THIỆN','0905132572',NULL,1,'2022-01-03 19:31:39','2022-09-19 16:13:51'),(227,2,NULL,NULL,'hoangthigiao@tuoitre.com.vn',60,'HOÀNG THỊ GIAO','0905194876',NULL,1,'2022-01-03 19:31:40','2022-09-19 16:13:45'),(228,2,NULL,NULL,'nguyenvanvien@tuoitre.com.vn',78,'NGUYỄN VĂN VIÊN','0905797778',NULL,1,'2022-01-03 19:31:41','2022-09-19 16:13:51'),(229,2,NULL,NULL,'duyentm@tuoitre.com.vn',78,'TRẦN MINH DUYÊN','0974357178',NULL,1,'2022-01-03 19:31:41','2022-09-19 16:13:51'),(230,2,NULL,NULL,'tranquanglong@tuoitre.com.vn',NULL,'TRẦN QUANG LONG','0914219268',NULL,1,'2022-01-03 19:31:42','2022-01-03 19:31:42'),(231,2,NULL,NULL,'phansongngan@tuoitre.com.vn',NULL,'PHAN QUÊ','0913485891',NULL,1,'2022-01-03 19:31:43','2022-12-22 03:44:11'),(232,2,NULL,NULL,'tridung@tuoitre.com.vn',24,'HOÀNG TRÍ DŨNG','0913721159',NULL,1,'2022-01-03 19:31:44','2022-09-19 17:22:56'),(233,2,NULL,NULL,'phamchiquoc@tuoitre.com.vn',97,'PHẠM CHÍ QUỐC','0907527673',NULL,1,'2022-01-03 19:31:44','2022-09-19 16:13:58'),(234,2,NULL,NULL,'mautruong@tuoitre.com.vn',97,'NGUYỄN MẬU TRƯỜNG','0983351907',NULL,1,'2022-01-03 19:31:45','2022-09-19 16:13:58'),(235,2,NULL,NULL,'sonlam@tuoitre.com.vn',97,'TRẦN CÔNG SƠN LÂM','0938110848',NULL,1,'2022-01-03 19:31:46','2022-09-19 16:13:58'),(236,2,NULL,NULL,'yennth@tuoitre.com.vn',79,'NGUYỄN THỊ HỒNG YẾN','0903141218',NULL,1,'2022-01-03 19:31:46','2022-09-19 16:13:51'),(237,2,NULL,NULL,'tom@tuoitre.com.vn',79,'LÊ VĂN CƯỜNG','0907196789',NULL,1,'2022-01-03 19:31:47','2022-09-19 16:13:51'),(238,2,NULL,NULL,'tanphat@tuoitre.com.vn',79,'NGUYỄN TẤN PHÁT','0939063637',NULL,1,'2022-01-03 19:31:48','2022-09-19 16:13:51'),(239,2,NULL,NULL,'kieudiem@tuoitre.com.vn',79,'PHẠM THỊ KIỀU DIỄM','0918146163',NULL,1,'2022-01-03 19:31:48','2022-09-19 16:13:51'),(240,2,NULL,NULL,'nguyenvanloi@tuoitre.com.vn',79,'NGUYỄN VĂN LỢI','0918822104',NULL,1,'2022-01-03 19:31:49','2022-09-19 16:13:51'),(241,2,NULL,NULL,'buudau@tuoitre.com.vn',97,'HUỲNH BỬU ĐẤU','0912244331',NULL,1,'2022-01-03 19:31:50','2022-09-19 16:13:58'),(242,2,NULL,NULL,'lett@tuoitre.com.vn',32,'TRỊNH THỊ LỆ','0918204141',NULL,1,'2022-01-03 19:31:51','2022-09-19 16:13:30'),(243,2,NULL,NULL,'dantam@tuoitre.com.vn',50,'TRẦN THỤY ĐAN TÂM','0908409977',NULL,1,'2022-01-03 19:31:51','2022-12-14 08:14:42'),(244,2,NULL,NULL,'hoatranh@tuoitre.com.vn',NULL,'NGUYỄN HOA TRANH','0989506480',NULL,1,'2022-01-03 19:31:52','2022-01-03 19:31:52'),(245,2,NULL,NULL,'daithang@tuoitre.com.vn',18,'HOÀNG ĐẠI THẮNG','0918634863',NULL,1,'2022-01-03 19:31:53','2022-09-19 17:22:56'),(246,2,NULL,NULL,'nguyenha@tuoitre.com.vn',46,'NGUYỄN HẠ','0918410237',NULL,1,'2022-01-03 19:31:53','2022-09-19 16:13:37'),(247,2,NULL,NULL,'trungtrinh@tuoitre.com.vn',46,'HUỲNH THỊ TRUNG TRINH','0983718969',NULL,1,'2022-01-03 19:31:54','2022-09-19 16:13:37'),(248,2,NULL,NULL,'hoangthang@tuoitre.com.vn',46,'HUỲNH VIẾT HOÀNG THĂNG','0908137358',NULL,1,'2022-01-03 19:31:55','2022-09-19 16:13:37'),(249,2,NULL,NULL,'cuongdq@tuoitre.com.vn',47,'ĐỖ QUỐC CƯỜNG','0903361761',NULL,1,'2022-01-03 19:31:55','2022-09-19 16:13:37'),(250,2,NULL,NULL,'tranquocbao@tuoitre.com.vn',49,'TRẦN QUỐC BẢO','0918877968',NULL,1,'2022-01-03 19:31:56','2022-09-19 17:22:55'),(251,2,NULL,NULL,'nguyenthanhhuyen@tuoitre.com.vn',47,'NGUYỄN THANH HUYỀN','0983937799',NULL,1,'2022-01-03 19:31:57','2022-09-19 16:13:37'),(252,2,NULL,NULL,'lethithudung@tuoitre.com.vn',47,'LÊ THỊ THU DUNG','0903345046',NULL,1,'2022-01-03 19:31:58','2022-09-19 16:13:37'),(253,2,NULL,NULL,'phamthithutam@tuoitre.com.vn',46,'PHẠM THỊ THU TÂM','0938869880',NULL,1,'2022-01-03 19:31:58','2022-09-19 16:13:37'),(254,2,NULL,NULL,'diepthebao@tuoitre.com.vn',46,'DIỆP THẾ BẢO','0902604566',NULL,1,'2022-01-03 19:31:59','2022-09-19 16:13:37'),(255,2,NULL,NULL,'bachcuc@tuoitre.com.vn',NULL,'NGUYỄN THỊ BẠCH CÚC','0903747419',NULL,1,'2022-01-03 19:32:00','2022-12-15 02:14:16'),(256,2,NULL,NULL,'daotrang@tuoitre.com.vn',46,'ĐÀO THỊ THÙY TRANG','0974354713',NULL,1,'2022-01-03 19:32:00','2022-09-19 16:13:37'),(257,2,NULL,NULL,'nguyenthanhtung@tuoitre.com.vn',48,'NGUYỄN THANH TÙNG','0367173438',NULL,1,'2022-01-03 19:32:01','2022-09-19 16:13:38'),(258,2,NULL,NULL,'nguyenthikimchi@tuoitre.com.vn',NULL,'NGUYỄN THỊ KIM CHI','0903388486',NULL,1,'2022-01-03 19:32:02','2022-12-15 02:14:09'),(259,2,NULL,NULL,'do@tuoitre.com.vn',17,'PHAN NGHỆ ĐÔ','0903060803',NULL,1,'2022-01-03 19:32:02','2022-09-19 17:22:57'),(260,2,NULL,NULL,'minhluan@tuoitre.com.vn',45,'NGUYỄN VŨ MINH LUÂN','0903604422',NULL,1,'2022-01-03 19:32:03','2022-09-19 16:13:36'),(261,2,NULL,NULL,'phanhoangvu@tuoitre.com.vn',100,'PHAN HOÀNG VŨ','0973319020',NULL,1,'2022-01-03 19:32:04','2022-09-21 07:18:26'),(262,2,NULL,NULL,'vinh@tuoitre.com.vn',100,'LÂM THẾ VINH','0909656711',NULL,1,'2022-01-03 19:32:04','2022-09-21 07:18:26'),(263,2,NULL,NULL,'nhatminh@tuoitre.com.vn',100,'VŨ NHẬT MINH','0908440410',NULL,1,'2022-01-03 19:32:05','2022-09-21 07:18:26'),(264,2,NULL,NULL,'nhatht@tuoitre.com.vn',99,'HÀ THANH NHẤT','0768482733',NULL,1,'2022-01-03 19:32:06','2022-09-21 07:17:32'),(265,2,NULL,NULL,'lannh@tuoitre.com.vn',45,'NGUYỄN HUY LÂN','0913791937',NULL,1,'2022-01-03 19:32:07','2022-09-19 16:13:36'),(266,2,NULL,NULL,'tienlc@tuoitre.com.vn',31,'LÊ CÔNG TIẾN','0909181076',NULL,1,'2022-01-03 19:32:07','2022-09-19 17:22:56'),(267,2,NULL,NULL,'vinhnq@tuoitre.com.vn',99,'NGUYỄN QUANG VINH','0973173929',NULL,1,'2022-01-03 19:32:08','2022-09-21 07:17:32'),(268,2,NULL,NULL,'donghai@tuoitre.com.vn',103,'PHẠM VIỆT ĐÔNG HẢI','0919595595',NULL,1,'2022-01-03 19:32:09','2022-12-14 07:13:36'),(269,2,NULL,NULL,'banhvinh@tuoitre.com.vn',99,'BÀNH NHƯ VINH','0905504462',NULL,1,'2022-01-03 19:32:09','2022-09-21 07:17:32'),(270,2,NULL,NULL,'vanluan@tuoitre.com.vn',19,'LÊ VĂN LUẬN','0918636859',NULL,1,'2022-01-03 19:32:10','2022-09-19 17:22:56'),(271,2,NULL,NULL,'dungnv@tuoitre.com.vn',32,'NGUYỄN VĂN DŨNG','0903653978',NULL,1,'2022-01-03 19:32:11','2022-09-19 16:13:30'),(272,2,NULL,NULL,'tuyetphuong@tuoitre.com.vn',50,'NINH THỊ TUYẾT PHƯỢNG','0903303242',NULL,1,'2022-01-03 19:32:12','2022-09-19 16:13:39'),(273,2,NULL,NULL,'uyenthi@tuoitre.com.vn',50,'BẠCH UYÊN THI','0903957745',NULL,1,'2022-01-03 19:32:12','2022-09-19 16:13:39'),(274,2,NULL,NULL,'hoaikhanh@tuoitre.com.vn',50,'PHẠM NGUYỄN HOÀI KHANH','0989238323',NULL,1,'2022-01-03 19:32:13','2022-09-19 16:13:39'),(275,2,NULL,NULL,'huynhvantuan@tuoitre.com.vn',50,'HUỲNH VĂN TUẤN','0983572466',NULL,1,'2022-01-03 19:32:14','2022-09-19 16:13:39'),(276,2,NULL,NULL,'trinhquynh@tuoitre.com.vn',50,'PHẠM LÊ TRINH QUỲNH','0987200683',NULL,1,'2022-01-03 19:32:14','2022-09-19 16:13:39'),(277,2,NULL,NULL,'huuhoang@tuoitre.com.vn',52,'HỒ HỮU HOÀNG','0906070579',NULL,1,'2022-01-03 19:32:15','2022-12-14 08:16:53'),(278,2,NULL,NULL,'duonghoaibao@tuoitre.com.vn',51,'DƯƠNG HOÀI BẢO','0908226586',NULL,1,'2022-01-03 19:32:16','2022-09-19 16:13:40'),(279,2,NULL,NULL,'phuocliem@tuoitre.com.vn',NULL,'TỐNG PHƯỚC LIÊM','0908266535',NULL,1,'2022-01-03 19:32:16','2022-12-14 08:20:45'),(280,2,NULL,NULL,'dinhthi@tuoitre.com.vn',106,'TẠ ĐÌNH THI','0909304623',NULL,1,'2022-01-03 19:32:17','2022-12-14 07:16:17'),(281,2,NULL,NULL,'nguyenduytam@tuoitre.com.vn',106,'NGUYỄN DUY TÂM','0989233849',NULL,1,'2022-01-03 19:32:18','2022-12-14 07:16:33'),(282,2,NULL,NULL,'doductung@tuoitre.com.vn',106,'ĐỖ ĐỨC TÙNG','0931314634',NULL,1,'2022-01-03 19:32:18','2022-12-14 07:16:52'),(283,2,NULL,NULL,'vanhoangson@tuoitre.com.vn',106,'VĂN HOÀNG SƠN','0936111141',NULL,1,'2022-01-03 19:32:19','2022-12-14 07:17:06'),(284,2,NULL,NULL,'trongquang@tuoitre.com.vn',106,'NGUYỄN TRỌNG QUANG','0903987573',NULL,1,'2022-01-03 19:32:20','2022-12-14 07:17:21'),(285,2,NULL,NULL,'tanluc@tuoitre.com.vn',106,'CHÂU TẤN LỰC','0918548270',NULL,1,'2022-01-03 19:32:20','2022-12-14 07:18:10'),(286,2,NULL,NULL,'tranquangduy@tuoitre.com.vn',106,'TRẦN QUANG DUY','0903151134',NULL,1,'2022-01-03 19:32:21','2022-12-14 07:17:34'),(287,2,NULL,NULL,'danhhoangphuc@tuoitre.com.vn',106,'DANH HOÀNG PHÚC','0909147347',NULL,1,'2022-01-03 19:32:22','2022-12-14 07:17:46'),(288,2,NULL,NULL,'huumung@tuoitre.com.vn',53,'LÊ HỮU MỪNG','0908604749',NULL,1,'2022-01-03 19:32:22','2022-12-22 03:32:55'),(289,2,NULL,NULL,'vanhai@tuoitre.com.vn',NULL,'TRẦN VĂN HẢI','0903629694',NULL,1,'2022-01-03 19:32:23','2022-12-14 08:20:53'),(290,2,NULL,NULL,'congdanh@tuoitre.com.vn',106,'HUỲNH CÔNG DANH','0908853548',NULL,1,'2022-01-03 19:32:24','2022-12-14 07:17:58'),(291,2,NULL,NULL,'quangviet@tuoitre.com.vn',106,'NGÔ QUANG VIỆT','0908535388',NULL,1,'2022-01-03 19:32:24','2022-12-14 07:18:22'),(292,2,NULL,NULL,'vuthaisan@tuoitre.com.vn',51,'VŨ THÁI SAN','0908362629',NULL,1,'2022-01-03 19:32:25','2022-09-19 16:13:40'),(293,2,NULL,NULL,'phamthanhhieu@tuoitre.com.vn',53,'PHẠM THÀNH HIẾU','0919016965',NULL,1,'2022-01-03 19:32:26','2022-09-19 16:13:41'),(294,2,NULL,NULL,'duykhanh@tuoitre.com.vn',53,'NGUYỄN DUY KHÁNH','0918692490',NULL,1,'2022-01-03 19:32:26','2022-09-19 16:13:41'),(295,2,NULL,NULL,'nguyensonnam@tuoitre.com.vn',53,'NGUYỄN SƠN NAM','0901443644',NULL,1,'2022-01-03 19:32:27','2022-09-19 16:13:41'),(296,2,NULL,NULL,'ngacv@tuoitre.com.vn',51,'CHÂU VĂN NGÀ','0913644664',NULL,1,'2022-01-03 19:32:28','2022-09-19 16:13:40'),(297,2,NULL,NULL,'ngockha@tuoitre.com.vn',52,'VÕ NGỌC KHẢ','0937719679',NULL,1,'2022-01-03 19:32:28','2022-09-19 16:13:41'),(298,2,NULL,NULL,'vantung@tuoitre.com.vn',52,'LÊ VĂN TÙNG','0903850229',NULL,1,'2022-01-03 19:32:29','2022-09-19 16:13:41'),(299,2,NULL,NULL,'thienan@tuoitre.com.vn',52,'NGUYỄN THIỆN AN','0913666696',NULL,1,'2022-01-03 19:32:30','2022-09-19 16:13:41'),(300,2,NULL,NULL,'nhutthanh@tuoitre.com.vn',52,'CHÂU NHỰT THÀNH','0908174638',NULL,1,'2022-01-03 19:32:30','2022-09-19 16:13:41'),(301,2,NULL,NULL,'hungthuat@tuoitre.com.vn',16,'VÕ HÙNG THUẬT','0918276309',NULL,1,'2022-01-03 19:32:31','2022-09-19 17:22:57'),(302,2,NULL,NULL,'huytho@tuoitre.com.vn',33,'CAO HUY THỌ','0903845825',NULL,1,'2022-01-03 19:32:32','2022-09-19 16:13:30'),(303,2,NULL,NULL,'hungtq@tuoitre.com.vn',32,'THÁI QUỐC HÙNG','0389787878',NULL,1,'2022-01-03 19:32:32','2022-09-21 02:38:48'),(304,2,NULL,NULL,'hongquy@tuoitre.com.vn',75,'NGUYỄN HỒNG QUÝ','0914912637',NULL,1,'2022-01-03 19:32:33','2022-09-19 16:13:50'),(305,2,NULL,NULL,'hongnhung@tuoitre.com.vn',75,'NGUYỄN THỊ HỒNG NHUNG','0909097077',NULL,1,'2022-01-03 19:32:34','2022-09-19 16:13:50'),(306,2,NULL,NULL,'leson@tuoitre.com.vn',75,'LÊ VĂN SƠN','0907676572',NULL,1,'2022-01-03 19:32:35','2022-09-19 16:13:50'),(307,2,NULL,NULL,'minhhuynh@tuoitre.com.vn',75,'HUỲNH NGUYỄN NGỌC MINH','0934128198',NULL,1,'2022-01-03 19:32:35','2022-09-19 16:13:50'),(308,2,NULL,NULL,'bichhuong@tuoitre.com.vn',75,'TRẦN THỊ BÍCH HƯỜNG','0913521779',NULL,1,'2022-01-03 19:32:36','2022-09-19 16:13:50'),(309,2,NULL,NULL,'phamkimanh@tuoitre.com.vn',75,'PHẠM THỊ KIM ÁNH','0989723915',NULL,1,'2022-01-03 19:32:37','2022-09-19 16:13:50'),(310,2,NULL,NULL,'baoky@tuoitre.com.vn',75,'LÊ BẢO KỲ','0939848129',NULL,1,'2022-01-03 19:32:37','2022-09-19 16:13:50'),(311,2,NULL,NULL,'nguyendtoan@tuoitre.com.vn',54,'NGUYỄN ĐÌNH TOÀN','0913919494',NULL,1,'2022-01-03 19:32:38','2022-09-19 17:22:55'),(312,2,NULL,NULL,'nguyenquangminh@tuoitre.com.vn',80,'NGUYỄN QUANG MINH (QC)','0918424955',NULL,1,'2022-01-03 19:32:39','2022-09-19 16:13:52'),(313,2,NULL,NULL,'nguyenthanhtuan@tuoitre.com.vn',80,'NGUYỄN THANH TUẤN','0983774855',NULL,1,'2022-01-03 19:32:39','2022-09-19 16:13:52'),(314,2,NULL,NULL,'thutruc@tuoitre.com.vn',NULL,'TRẦN PHẠM THU TRÚC','0906747675',NULL,1,'2022-01-03 19:32:40','2022-01-03 19:32:40'),(315,2,NULL,NULL,'phamthikimlien@tuoitre.com.vn',80,'PHẠM THỊ KIM LIÊN','0902074662',NULL,1,'2022-01-03 19:32:41','2022-09-19 16:13:52'),(316,2,NULL,NULL,'halamquanghuy@tuoitre.com.vn',80,'HÀ LÂM QUANG HUY','0918196655',NULL,1,'2022-01-03 19:32:41','2022-09-19 16:13:52'),(317,2,NULL,NULL,'nguyenkimlan@tuoitre.com.vn',80,'NGUYỄN KIM LAN','0909321972',NULL,1,'2022-01-03 19:32:42','2022-09-19 16:13:52'),(318,2,NULL,NULL,'hangkimtyluan@tuoitre.com.vn',80,'HÀNG KIM TY LUÂN','0913859525',NULL,1,'2022-01-03 19:32:43','2022-09-19 16:13:52'),(319,2,NULL,NULL,'buungoc@tuoitre.com.vn',80,'NGUYỄN CUNG BỮU NGỌC','0968455163',NULL,1,'2022-01-03 19:32:44','2022-09-19 16:13:52'),(320,2,NULL,NULL,'myhuong@tuoitre.com.vn',48,'PHAN THỊ MỸ HƯỜNG','0903811021',NULL,1,'2022-01-03 19:32:44','2022-12-23 02:24:07'),(321,2,NULL,NULL,'ngocanh@tuoitre.com.vn',80,'HUỲNH THỊ NGỌC ANH','0903125521',NULL,1,'2022-01-03 19:32:45','2022-09-19 16:13:52'),(322,2,NULL,NULL,'vohongngoc@tuoitre.com.vn',81,'VÕ HỒNG NGỌC','0903727735',NULL,1,'2022-01-03 19:32:46','2022-09-19 16:13:52'),(323,2,NULL,NULL,'tangcuong@tuoitre.com.vn',NULL,'TĂNG VĨ CƯỜNG','0908154299',NULL,1,'2022-01-03 19:32:46','2022-01-03 19:32:46'),(324,2,NULL,NULL,'ledinhchien@tuoitre.com.vn',81,'LÊ ĐÌNH CHIẾN','0909159627',NULL,1,'2022-01-03 19:32:47','2022-09-19 16:13:52'),(325,2,NULL,NULL,'levantruong@tuoitre.com.vn',81,'LÊ VĂN TRƯỢNG','0934184986',NULL,1,'2022-01-03 19:32:48','2022-09-19 16:13:52'),(326,2,NULL,NULL,'voanhtuan@tuoitre.com.vn',81,'VÕ ANH TUẤN','0918612221',NULL,1,'2022-01-03 19:32:48','2022-09-19 16:13:52'),(327,2,NULL,NULL,'khanhngoc@tuoitre.com.vn',NULL,'NGUYỄN KIỀU KHÁNH NGỌC','0903634266',NULL,1,'2022-01-03 19:32:49','2022-01-03 19:32:49'),(328,2,NULL,NULL,'anhphi@tuoitre.com.vn',55,'PHẠM ANH PHI','0903952593',NULL,1,'2022-01-03 19:32:50','2022-09-19 17:22:55'),(329,2,NULL,NULL,'hoado@tuoitre.com.vn',56,'ĐỖ VĂN HÓA','0909626960',NULL,1,'2022-01-03 19:32:50','2022-09-19 16:13:43'),(330,2,NULL,NULL,'thetrung@tuoitre.com.vn',56,'VÕ HUỲNH THẾ TRUNG','0972141234',NULL,1,'2022-01-03 19:32:51','2022-09-19 16:13:43'),(331,2,NULL,NULL,'huytc@tuoitre.com.vn',56,'TRƯƠNG CÔNG HUY','0903722227',NULL,1,'2022-01-03 19:32:52','2022-09-19 16:13:43'),(332,2,NULL,NULL,'tranminhduong@tuoitre.com.vn',56,'TRẦN MINH DƯƠNG','0918670739',NULL,1,'2022-01-03 19:32:52','2022-09-19 16:13:43'),(333,2,NULL,NULL,'trunghieu@tuoitre.com.vn',56,'PHẠM ĐINH TRUNG HIẾU','0909023012',NULL,1,'2022-01-03 19:32:53','2022-09-19 16:13:43'),(334,2,NULL,NULL,'thanhnha@tuoitre.com.vn',56,'NGUYỄN THANH NHÃ','0903059076',NULL,1,'2022-01-03 19:32:54','2022-09-19 16:13:43'),(335,2,NULL,NULL,'nguyenhainam@tuoitre.com.vn',56,'NGUYỄN HẢI NAM','0903922876',NULL,1,'2022-01-03 19:32:54','2022-09-19 16:13:43'),(336,2,NULL,NULL,'nguyendangha@tuoitre.com.vn',56,'NGUYỄN ĐĂNG HÀ','0902566106',NULL,1,'2022-01-03 19:32:55','2022-09-19 16:13:43'),(337,2,NULL,NULL,'ThaoNV@tuoitre.com.vn',57,'NGUYỄN VĂN THẢO','0918767606',NULL,1,'2022-01-03 19:32:56','2022-09-19 17:22:55'),(338,2,NULL,NULL,'vantruong@tuoitre.com.vn',58,'NGUYỄN HOÀI PHONG','0911999933',NULL,1,'2022-01-03 19:32:56','2022-09-19 16:13:44'),(339,2,NULL,NULL,'TrungNV@tuoitre.com.vn',58,'NGUYỄN VĂN TRUNG','0909211756',NULL,1,'2022-01-03 19:32:57','2022-09-19 16:13:44'),(340,2,NULL,NULL,'hunglv@tuoitre.com.vn',58,'LÊ VĂN HÙNG','0913894678',NULL,1,'2022-01-03 19:32:58','2022-09-19 16:13:44'),(341,2,NULL,NULL,'tranletrunghuy@tuoitre.com.vn',58,'TRẦN LÊ TRUNG HUY','0919171261',NULL,1,'2022-01-03 19:32:58','2022-09-19 16:13:44'),(342,2,NULL,NULL,'hunglm@tuoitre.com.vn',58,'LÊ MẠNH HÙNG','0903805925',NULL,1,'2022-01-03 19:32:59','2022-09-19 16:13:44'),(343,2,NULL,NULL,'thuannt@tuoitre.com.vn',73,'NGÔ THANH THUẬN','0907848683',NULL,1,'2022-01-03 19:33:00','2022-09-19 17:22:55'),(344,2,NULL,NULL,'nhuhung@tuoitre.com.vn',58,'TRẦN NHƯ HÙNG','0913717354',NULL,1,'2022-01-03 19:33:00','2022-09-19 16:13:44'),(345,2,NULL,NULL,'nguyenthanhdung@tuoitre.com.vn',58,'NGUYỄN THANH DŨNG','0903196565',NULL,1,'2022-01-03 19:33:01','2022-09-19 16:13:44'),(346,2,NULL,NULL,'nguyentandat@tuoitre.com.vn',58,'NGUYỄN TẤN ĐẠT','0903962058',NULL,1,'2022-01-03 19:33:02','2022-09-19 16:13:44'),(347,2,NULL,NULL,'nguyenvubinh@tuoitre.com.vn',15,'NGUYỄN VŨ BÌNH','0913741645',NULL,1,'2022-01-03 19:33:02','2022-09-19 17:22:57'),(348,2,NULL,NULL,'thekiet@tuoitre.com.vn',71,'BÙI LÊ THẾ KIỆT','0919269698',NULL,1,'2022-01-03 19:33:03','2022-09-19 16:13:49'),(349,2,NULL,NULL,'haitrieu@tuoitre.com.vn',71,'DƯƠNG HẢI TRIỀU','0906887408',NULL,1,'2022-01-03 19:33:04','2022-09-19 16:13:49'),(350,2,NULL,NULL,'thyptm@tuoitre.com.vn',74,'PHẠM THỊ MAI THY','0906831209',NULL,1,'2022-01-03 19:33:04','2022-09-19 16:13:50'),(351,2,NULL,NULL,'mylang@tuoitre.com.vn',74,'NGUYỄN ANH CHI','0964771878',NULL,1,'2022-01-03 19:33:05','2022-09-19 16:13:50'),(352,2,NULL,NULL,'maihuong@tuoitre.com.vn',74,'ĐOÀN THỊ MAI HƯƠNG','0918363541',NULL,1,'2022-01-03 19:33:06','2022-09-19 16:13:50'),(353,2,NULL,NULL,'hoangvu@tuoitre.com.vn',20,'CHÂU HOÀNG VŨ','0903612170',NULL,1,'2022-01-03 19:33:07','2022-09-19 17:22:56'),(354,2,NULL,NULL,'tuanminh@tuoitre.com.vn',82,'TRẦN TUẤN MINH','0908742448',NULL,1,'2022-01-03 19:33:07','2022-09-19 17:22:55'),(355,2,NULL,NULL,'thanhson@tuoitre.com.vn',33,'NGUYỄN THANH SƠN','0908396411',NULL,1,'2022-01-03 19:33:08','2022-09-19 16:13:30'),(356,2,NULL,NULL,'thuky@tuoitre.com.vn',NULL,'Thư ký','1234567890',NULL,1,'2022-01-03 19:43:45','2022-01-03 19:43:45'),(357,2,NULL,NULL,'tripht@tuoitre.com.vn',75,'PHAN HOÀNG THANH TRÍ','0977783957',NULL,1,'2022-03-19 01:37:00','2022-09-19 16:13:50'),(358,2,NULL,NULL,'aidiep@tuoitre.com.vn',75,'LÂM ÁI ĐIỆP','0909072489',NULL,1,'2022-03-19 02:49:04','2022-09-19 16:13:50'),(359,2,NULL,NULL,'thuthao@tuoitre.com.vn',86,'LÊ THỊ THU THẢO','0909500317',NULL,1,'2022-03-19 02:49:56','2022-09-19 16:13:54'),(360,2,NULL,NULL,'danthuan@tuoitre.com.vn',86,'TRẦN LÊ ĐAN THUẦN','0907350392',NULL,1,'2022-03-19 02:51:14','2022-09-19 16:13:54'),(361,2,NULL,NULL,'nguyentri@tuoitre.com.vn',92,'NGUYỄN VĂN TRÍ','0937183437',NULL,1,'2022-03-19 02:51:56','2022-09-19 16:13:56'),(362,2,NULL,NULL,'ducthien@tuoitre.com.vn',92,'VÕ ĐỨC THIỆN','0908110033',NULL,1,'2022-03-19 02:52:40','2022-09-19 16:13:56'),(363,2,NULL,NULL,'thanhchung@tuoitre.com.vn',94,'NGUYỄN THÀNH CHUNG','0904518713',NULL,1,'2022-06-27 09:31:14','2022-09-19 16:13:57'),(364,2,NULL,NULL,'vanbinh@tuoitre.com.vn',74,'BÙI VĂN BÌNH','0938301135',NULL,1,'2022-06-27 09:36:13','2022-09-19 16:13:50'),(365,2,NULL,NULL,'vubinhminh@tuoitre.com.vn',93,'VŨ BÌNH MINH','0903308607',NULL,1,'2022-06-27 09:38:02','2022-09-19 16:13:57'),(366,2,NULL,NULL,'dieuqui@tuoitre.com.vn',87,'TRANG DIỆU QUÍ','0981831505',NULL,1,'2022-06-27 09:42:13','2022-09-19 16:13:55'),(367,2,NULL,NULL,'lethitam@tuoitre.com.vn',87,'LÊ THỊ TÂM','0974909114',NULL,1,'2022-09-19 15:22:41','2022-09-19 16:13:55'),(368,2,NULL,NULL,'minhkhoi@tuoitre.com.vn',88,'NGUYỄN MINH KHÔI','0903817289',NULL,1,'2022-12-14 08:50:49','2022-12-14 09:41:35'),(369,2,NULL,NULL,'ductrong@tuoitre.com.vn',86,'QUÁCH ĐỨC TRONG','0978221264',NULL,1,'2022-12-14 08:52:14','2022-12-14 09:39:43'),(370,2,NULL,NULL,'nhatdang@tuoitre.com.vn',88,'DƯ NHẬT ĐĂNG','0918807653',NULL,1,'2022-12-14 08:53:38','2022-12-14 09:41:18'),(371,2,NULL,NULL,'ngocphung@tuoitre.com.vn',52,'HUỲNH NGỌC PHỤNG','0907156671',NULL,1,'2022-12-14 08:55:12','2022-12-14 09:35:39'),(372,2,NULL,NULL,'nguyenhuunam@tuoitre.com.vn',53,'NGUYỄN HỮU NAM','0909466681',NULL,1,'2022-12-14 09:07:57','2022-12-14 09:37:27'),(373,2,NULL,NULL,'honggianh@tuoitre.com.vn',49,'NGUYỄN HỒNG GIANH','0909189318',NULL,1,'2022-12-14 09:09:53','2022-12-14 09:32:37'),(374,2,NULL,NULL,'anhkiet@tuoitre.com.vn',49,'QUANG ANH KIỆT','0345414830',NULL,1,'2022-12-14 09:12:01','2022-12-14 09:32:26'),(375,2,NULL,NULL,'ngocthuy@tuoitre.com.vn',73,'PHẠM THỊ NGỌC THÚY','0937378579',NULL,1,'2022-12-14 09:13:21','2022-12-14 09:38:41'),(376,2,NULL,NULL,'hoainam@tuoitre.com.vn',99,'NGUYỄN HOÀI NAM','0862778817',NULL,1,'2022-12-14 09:19:25','2022-12-14 09:30:08'),(377,2,NULL,NULL,'vanloi@tuoitre.com.vn',99,'NGUYỄN VĂN LỢI (CNTT)','0772959410',NULL,1,'2022-12-14 09:20:24','2022-12-14 09:30:01'),(378,2,NULL,NULL,'vanhung@tuoitre.com.vn',36,'TRẦN VĂN HƯNG','0392662899',NULL,1,'2022-12-14 09:22:32','2022-12-14 09:28:09'),(379,2,NULL,NULL,'ngoctuan@tuoitre.com.vn',32,'TRẦN NGỌC TUẤN','0888882348',NULL,1,'2022-12-14 09:23:36','2022-12-14 09:27:19');
/*!40000 ALTER TABLE `use_user` ENABLE KEYS */;
UNLOCK TABLES;

--
-- Table structure for table `use_user_group`
--

DROP TABLE IF EXISTS `use_user_group`;
/*!40101 SET @saved_cs_client     = @@character_set_client */;
/*!40101 SET character_set_client = utf8 */;
CREATE TABLE `use_user_group` (
  `id` int(10) unsigned NOT NULL AUTO_INCREMENT,
  `name` varchar(128) COLLATE utf8mb4_unicode_ci DEFAULT NULL,
  `description` text COLLATE utf8mb4_unicode_ci,
  `deleted_at` timestamp NULL DEFAULT NULL,
  `created_at` timestamp NULL DEFAULT NULL,
  `updated_at` timestamp NULL DEFAULT NULL,
  PRIMARY KEY (`id`)
) ENGINE=InnoDB AUTO_INCREMENT=107 DEFAULT CHARSET=utf8mb4 COLLATE=utf8mb4_unicode_ci;
/*!40101 SET character_set_client = @saved_cs_client */;

--
-- Dumping data for table `use_user_group`
--

LOCK TABLES `use_user_group` WRITE;
/*!40000 ALTER TABLE `use_user_group` DISABLE KEYS */;
INSERT INTO `use_user_group` VALUES (1,'Ban Biên tập_Mẫu 1_Cấp 3',NULL,NULL,'2022-09-19 16:13:15','2022-09-19 16:13:15'),(2,'Ban Biên tập_Mẫu 1_Cấp 4',NULL,NULL,'2022-09-19 16:13:15','2022-09-19 16:13:15'),(3,'Toà soạn Hội tụ - Ngày_Mẫu 2_Cấp 2_Cấp 3',NULL,NULL,'2022-09-19 16:13:16','2022-09-19 16:13:16'),(4,'Tòa soạn Cuối tuần_Mẫu 1_Cấp 3',NULL,NULL,'2022-09-19 16:13:16','2022-09-19 16:13:16'),(5,'Tòa soạn Cười_Mẫu 1_Cấp 3',NULL,NULL,'2022-09-19 16:13:17','2022-09-19 16:13:17'),(6,'Toà soạn Hội tụ - TTO_Mẫu 2_Cấp 2_Cấp 3',NULL,NULL,'2022-09-19 16:13:17','2022-09-19 16:13:17'),(7,'Ban Phóng sự Điều tra_Mẫu 1_Cấp 3',NULL,NULL,'2022-09-19 16:13:18','2022-09-19 16:13:18'),(8,'Ban Quốc tế và TT Tiếng Anh_Mẫu 1_Cấp 3',NULL,NULL,'2022-09-19 16:13:18','2022-09-19 16:13:18'),(9,'Ban Thể dục Thể thao_Mẫu 1_Cấp 3',NULL,NULL,'2022-09-19 16:13:19','2022-09-19 16:13:19'),(10,'Ban Văn hoá Văn nghệ_Mẫu 1_Cấp 3',NULL,NULL,'2022-09-19 16:13:19','2022-09-19 16:13:19'),(11,'Ban Giáo dục Khoa học_Mẫu 1_Cấp 3',NULL,NULL,'2022-09-19 16:13:20','2022-09-19 16:13:20'),(12,'Ban Kinh tế_Mẫu 1_Cấp 3',NULL,NULL,'2022-09-19 16:13:20','2022-09-19 16:13:20'),(13,'Ban Công tác Bạn đọc_Mẫu 1_Cấp 3',NULL,NULL,'2022-09-19 16:13:20','2022-09-19 16:13:20'),(14,'Ban Công tác Xã hội_Mẫu 1_Cấp 3',NULL,NULL,'2022-09-19 16:13:21','2022-09-19 16:13:21'),(15,'Phòng Dịch vụ Truyền hình_Mẫu 1_Cấp 3',NULL,NULL,'2022-09-19 16:13:21','2022-09-19 16:13:21'),(16,'Trung tâm Dịch vụ truyền thông_Mẫu 1_Cấp 3',NULL,NULL,'2022-09-19 16:13:22','2022-09-19 16:13:22'),(17,'Phòng Công nghệ Thông tin_Mẫu 1_Cấp 3',NULL,NULL,'2022-09-19 16:13:22','2022-09-19 16:13:22'),(18,'Phòng Tài vụ_Mẫu 1_Cấp 3',NULL,NULL,'2022-09-19 16:13:23','2022-09-19 16:13:23'),(19,'Trung tâm phức hợp Tuổi Trẻ - Nhà in Tuổi Trẻ_Mẫu 1_Cấp 3',NULL,NULL,'2022-09-19 16:13:23','2022-09-19 16:13:23'),(20,'Cao ốc Tuổi Trẻ_Mẫu 1_Cấp 3',NULL,NULL,'2022-09-19 16:13:24','2022-09-19 16:13:24'),(21,'Văn phòng Hà Nội_Mẫu 1_Cấp 3',NULL,NULL,'2022-09-19 16:13:24','2022-09-19 16:13:24'),(22,'Văn phòng Trung Trung Bộ_Mẫu 1_Cấp 3',NULL,NULL,'2022-09-19 16:13:25','2022-09-19 16:13:25'),(23,'Văn phòng Nam Trung Bộ - Tây Nguyên_Mẫu 1_Cấp 3',NULL,NULL,'2022-09-19 16:13:25','2022-09-19 16:13:25'),(24,'Văn phòng Tây Nam Bộ_Mẫu 1_Cấp 3',NULL,NULL,'2022-09-19 16:13:25','2022-09-19 16:13:25'),(25,'Toà soạn Hội tụ - Ngày_Mẫu 1_Cấp 2_Cấp 3',NULL,NULL,'2022-09-19 16:13:26','2022-09-19 16:13:26'),(26,'Toà soạn Hội tụ - Ngày_Mẫu 1_Cấp 2_Cấp 3 (Bùi Thanh)',NULL,NULL,'2022-09-19 16:13:26','2022-09-19 16:13:26'),(27,'Ban Chính trị Xã hội_Mẫu 1_Cấp 3',NULL,NULL,'2022-09-19 16:13:27','2022-09-19 16:13:27'),(28,'Ban Chính trị Xã hội_Mẫu 1_Cấp 2_Cấp 3',NULL,NULL,'2022-09-19 16:13:27','2022-09-19 16:13:27'),(29,'Ban Quốc tế và TT Tiếng Anh_Mẫu 1_Cấp 2_Cấp 3',NULL,NULL,'2022-09-19 16:13:28','2022-09-19 16:13:28'),(30,'Ban Thanh niên_Mẫu 1_Cấp 3',NULL,NULL,'2022-09-19 16:13:29','2022-09-19 16:13:29'),(31,'Phòng Công nghệ Thông tin_Mẫu 1_Cấp 2_Cấp 3',NULL,NULL,'2022-09-19 16:13:29','2022-09-19 16:13:29'),(32,'Phòng Tổ chức - Hành chính_Mẫu 1_Cấp 2_Cấp 3',NULL,NULL,'2022-09-19 16:13:30','2022-09-19 16:13:30'),(33,'Trung tâm Dịch vụ truyền thông_Mẫu 1_Cấp 2_Cấp 3',NULL,NULL,'2022-09-19 16:13:30','2022-09-19 16:13:30'),(34,'Văn phòng Hà Nội_Mẫu 1_Cấp 2_Cấp 3',NULL,NULL,'2022-09-19 16:13:31','2022-09-19 16:13:31'),(35,'Tòa soạn Cuối tuần_Mẫu 2_Cấp 2_Cấp 3',NULL,NULL,'2022-09-19 16:13:31','2022-09-19 16:13:31'),(36,'Tòa soạn Cười_Mẫu 2_Cấp 2_Cấp 3',NULL,NULL,'2022-09-19 16:13:32','2022-09-19 16:13:32'),(37,'Toà soạn Hội tụ - Tổ Media_Mẫu 2_Cấp 2_Cấp 3',NULL,NULL,'2022-09-19 16:13:32','2022-09-19 16:13:32'),(38,'Văn phòng Trung Trung Bộ_Mẫu 2_Cấp 2_Cấp 3',NULL,NULL,'2022-09-19 16:13:33','2022-09-19 16:13:33'),(39,'Ban Quốc tế và TT Tiếng Anh_Mẫu 2_Cấp 2_Cấp 3',NULL,NULL,'2022-09-19 16:13:33','2022-09-19 16:13:33'),(40,'Toà soạn Hội tụ - Tổ Hoạ sĩ_Mẫu 4__Cấp 3',NULL,NULL,'2022-09-19 16:13:34','2022-09-19 16:13:34'),(41,'Toà soạn Hội tụ - Tổ Vi tính_Mẫu 4__Cấp 3',NULL,NULL,'2022-09-19 16:13:34','2022-09-19 16:13:34'),(42,'Toà soạn Hội tụ - Tổ Morasse_Mẫu 4_Cấp 3',NULL,NULL,'2022-09-19 16:13:35','2022-09-19 16:13:35'),(43,'Toà soạn Hội tụ - Tổ Tư liệu thư viện_Mẫu 4_Cấp 3',NULL,NULL,'2022-09-19 16:13:35','2022-09-19 16:13:35'),(44,'Toà soạn Hội tụ - Tổ Tỉnh táo viên_Mẫu 4_Cấp 3',NULL,NULL,'2022-09-19 16:13:36','2022-09-19 16:13:36'),(45,'Phòng Công nghệ Thông tin_Mẫu 6_Cấp 2_Cấp 3',NULL,NULL,'2022-09-19 16:13:36','2022-09-19 16:13:36'),(46,'Phòng Tài vụ_Mẫu 6_Cấp 2_Cấp 3',NULL,NULL,'2022-09-19 16:13:37','2022-09-19 16:13:37'),(47,'Phòng Tài vụ_Mẫu 6_Cấp TG(Bảo)_Cấp 2_Cấp 3',NULL,NULL,'2022-09-19 16:13:37','2022-09-19 16:13:37'),(48,'Phòng Tài vụ_Mẫu 6_Cấp TG(Trang)_Cấp 2_Cấp 3',NULL,NULL,'2022-09-19 16:13:38','2022-09-19 16:13:38'),(49,'Phòng Tài vụ_Mẫu 6_Cấp TG(Thăng)_Cấp 2_Cấp 3',NULL,NULL,'2022-09-19 16:13:38','2022-09-19 16:13:38'),(50,'Phòng Tổ chức - Hành chính_Mẫu 6_Cấp 2_Cấp 3',NULL,NULL,'2022-09-19 16:13:39','2022-09-19 16:13:39'),(51,'Phòng Tổ chức - Hành chính_Mẫu 6_Cấp TG(Hùng)_Cấp 2_Cấp 3',NULL,NULL,'2022-09-19 16:13:40','2022-09-19 16:13:40'),(52,'Phòng Tổ chức - Hành chính_Mẫu 6_Cấp TG(Ngà)_Cấp 2_Cấp 3',NULL,NULL,'2022-09-19 16:13:40','2022-09-19 16:13:40'),(53,'Phòng Tổ chức - Hành chính_Mẫu 6_Cấp TG(San)_Cấp 2_Cấp 3',NULL,NULL,'2022-09-19 16:13:41','2022-09-19 16:13:41'),(54,'TT DVTT - Phòng Kế hoạch Kỹ thuật _Mẫu 5_Cấp 2_Cấp 3',NULL,NULL,'2022-09-19 16:13:42','2022-09-19 16:13:42'),(55,'TT DVTT - Phòng Kinh doanh Tiếp thị _Mẫu 5_Cấp 2_Cấp 3',NULL,NULL,'2022-09-19 16:13:42','2022-09-19 16:13:42'),(56,'TT DVTT - Phòng Kinh doanh Tiếp thị _Mẫu 5_Cấp TG_Cấp 2_Cấp 3',NULL,NULL,'2022-09-19 16:13:43','2022-09-19 16:13:43'),(57,'TT DVTT - Phòng Phân phối Sản phẩm_Mẫu 5_Cấp 2_Cấp 3',NULL,NULL,'2022-09-19 16:13:43','2022-09-19 16:13:43'),(58,'TT DVTT - Phòng Phân phối Sản phẩm_Mẫu 5_Cấp TG_Cấp 2_Cấp 3',NULL,NULL,'2022-09-19 16:13:44','2022-09-19 16:13:44'),(59,'Văn phòng Hà Nội_Mẫu 6_Cấp 2_Cấp 3',NULL,NULL,'2022-09-19 16:13:44','2022-09-19 16:13:44'),(60,'Văn phòng Nam Trung Bộ - Tây Nguyên_Mẫu 6_Cấp 2_Cấp 3',NULL,NULL,'2022-09-19 16:13:44','2022-09-19 16:13:44'),(61,'Toà soạn Hội tụ - Ngày_Mẫu 4_Cấp 2_Cấp 3',NULL,NULL,'2022-09-19 16:13:45','2022-09-19 16:13:45'),(62,'Toà soạn Hội tụ - TTO_Mẫu 4_Cấp 2_Cấp 3',NULL,NULL,'2022-09-19 16:13:45','2022-09-19 16:13:45'),(63,'Toà soạn Hội tụ - Tổ Ảnh_Mẫu 4_Cấp TG_Cấp 3',NULL,NULL,'2022-09-19 16:13:46','2022-09-19 16:13:46'),(64,'Toà soạn Hội tụ - Tổ Media_Mẫu 4_Cấp 2_Cấp 3',NULL,NULL,'2022-09-19 16:13:46','2022-09-19 16:13:46'),(65,'Toà soạn Hội tụ - Tổ Hoạ sĩ_Mẫu 4_Cấp TG_Cấp 3',NULL,NULL,'2022-09-19 16:13:46','2022-09-19 16:13:46'),(66,'Toà soạn Hội tụ - Tổ Vi tính_Mẫu 4_Cấp TG_Cấp 3',NULL,NULL,'2022-09-19 16:13:47','2022-09-19 16:13:47'),(67,'Toà soạn Hội tụ - Tổ Morasse_Mẫu 4_Cấp TG_Cấp 3',NULL,NULL,'2022-09-19 16:13:47','2022-09-19 16:13:47'),(68,'Toà soạn Hội tụ - Tổ Tư liệu thư viện_Mẫu 4_Cấp TG_Cấp 3',NULL,NULL,'2022-09-19 16:13:47','2022-09-19 16:13:47'),(69,'Toà soạn Hội tụ - Tổ Tỉnh táo viên_Mẫu 4_Cấp TG_Cấp 3',NULL,NULL,'2022-09-19 16:13:48','2022-09-19 16:13:48'),(70,'Tòa soạn Cười_Mẫu 4_Cấp 2_Cấp 3',NULL,NULL,'2022-09-19 16:13:48','2022-09-19 16:13:48'),(71,'Phòng Dịch vụ Truyền hình_Mẫu 4_Cấp 2_Cấp 3',NULL,NULL,'2022-09-19 16:13:48','2022-09-19 16:13:48'),(72,'Ban Công tác Bạn đọc_Mẫu 4_Cấp 2_Cấp 3',NULL,NULL,'2022-09-19 16:13:49','2022-09-19 16:13:49'),(73,'Ban Công tác Xã hội_Mẫu 4_Cấp 2_Cấp 3',NULL,NULL,'2022-09-19 16:13:49','2022-09-19 16:13:49'),(74,'Phòng Dịch vụ Truyền hình_Mẫu 5_Cấp 2_Cấp 3',NULL,NULL,'2022-09-19 16:13:49','2022-09-19 16:13:49'),(75,'TT DVTT - Phòng Truyền thông Sự kiện_Mẫu 5_Cấp TG_Cấp 2_Cấp 3',NULL,NULL,'2022-09-19 16:13:50','2022-09-19 16:13:50'),(76,'Văn phòng Hà Nội_Mẫu 5_Cấp 2_Cấp 3',NULL,NULL,'2022-09-19 16:13:50','2022-09-19 16:13:50'),(77,'Văn phòng Trung Trung Bộ_Mẫu 5_Cấp 2_Cấp 3',NULL,NULL,'2022-09-19 16:13:51','2022-09-19 16:13:51'),(78,'Văn phòng Nam Trung Bộ - Tây Nguyên_Mẫu 5_Cấp 2_Cấp 3',NULL,NULL,'2022-09-19 16:13:51','2022-09-19 16:13:51'),(79,'Văn phòng Tây Nam Bộ_Mẫu 5_Cấp 2_Cấp 3',NULL,NULL,'2022-09-19 16:13:51','2022-09-19 16:13:51'),(80,'TT DVTT - Phòng Kế hoạch Kỹ thuật _Mẫu 5_Cấp TG_Cấp 2_Cấp 3',NULL,NULL,'2022-09-19 16:13:52','2022-09-19 16:13:52'),(81,'TT DVTT - Phòng Kế hoạch Kỹ thuật _Mẫu 6_Cấp TG_Cấp 2_Cấp 3',NULL,NULL,'2022-09-19 16:13:52','2022-09-19 16:13:52'),(82,'Cao ốc Tuổi Trẻ_Mẫu 6_Cấp 2_Cấp 3',NULL,NULL,'2022-09-19 16:13:53','2022-09-19 16:13:53'),(83,'Văn phòng Trung Trung Bộ_Mẫu 6_Cấp 2_Cấp 3',NULL,NULL,'2022-09-19 16:13:53','2022-09-19 16:13:53'),(84,'Toà soạn Hội tụ - Tổ Ảnh_Mẫu 3_Cấp TG_Cấp 3',NULL,NULL,'2022-09-19 16:13:53','2022-09-19 16:13:53'),(85,'Toà soạn Hội tụ - Tổ Ảnh_Mẫu 3_Cấp 3',NULL,NULL,'2022-09-19 16:13:54','2022-09-19 16:13:54'),(86,'Ban Chính trị Xã hội_Mẫu 3_Cấp 2_Cấp 3',NULL,NULL,'2022-09-19 16:13:54','2022-09-19 16:13:54'),(87,'Ban Phóng sự Điều tra_Mẫu 3_Cấp 2_Cấp 3',NULL,NULL,'2022-09-19 16:13:54','2022-09-19 16:13:54'),(88,'Ban Quốc tế và TT Tiếng Anh_Mẫu 3_Cấp 2_Cấp 3',NULL,NULL,'2022-09-19 16:13:55','2022-09-19 16:13:55'),(89,'Ban Thể dục Thể thao_Mẫu 3_Cấp 2_Cấp 3',NULL,NULL,'2022-09-19 16:13:55','2022-09-19 16:13:55'),(90,'Ban Văn hoá Văn nghệ_Mẫu 3_Cấp 2_Cấp 3',NULL,NULL,'2022-09-19 16:13:56','2022-09-19 16:13:56'),(91,'Ban Giáo dục Khoa học_Mẫu 3_Cấp 2_Cấp 3',NULL,NULL,'2022-09-19 16:13:56','2022-09-19 16:13:56'),(92,'Ban Kinh tế_Mẫu 3_Cấp 2_Cấp 3',NULL,NULL,'2022-09-19 16:13:56','2022-09-19 16:13:56'),(93,'Ban Thanh niên_Mẫu 3_Cấp 2_Cấp 3',NULL,NULL,'2022-09-19 16:13:57','2022-09-19 16:13:57'),(94,'Văn phòng Hà Nội_Mẫu 3_Cấp 2_Cấp 3',NULL,NULL,'2022-09-19 16:13:57','2022-09-19 16:13:57'),(95,'Văn phòng Trung Trung Bộ_Mẫu 3_Cấp 2_Cấp 3',NULL,NULL,'2022-09-19 16:13:57','2022-09-19 16:13:57'),(96,'Văn phòng Nam Trung Bộ - Tây Nguyên_Mẫu 3_Cấp 2_Cấp 3',NULL,NULL,'2022-09-19 16:13:58','2022-09-19 16:13:58'),(97,'Văn phòng Tây Nam Bộ_Mẫu 3_Cấp 2_Cấp 3',NULL,NULL,'2022-09-19 16:13:58','2022-09-19 16:13:58'),(98,'Toà soạn Hội tụ - Tổ Media_Mẫu 3_Cấp 2_Cấp 3',NULL,NULL,'2022-09-19 16:13:59','2022-09-19 16:13:59'),(99,'Phòng Công nghệ Thông tin_Mẫu 6_Cấp TG(Tiến)_Cấp 2_Cấp 3',NULL,NULL,'2022-09-21 07:17:32','2022-09-21 07:17:32'),(100,'Phòng Công nghệ Thông tin_Mẫu 6_Cấp TG(Tài)_Cấp 2_Cấp 3',NULL,NULL,'2022-09-21 07:18:25','2022-09-21 07:18:25'),(101,'Toà soạn Hội tụ - Tổ Media_Mẫu 4_Cấp TG_Cấp 3',NULL,NULL,'2022-12-14 06:43:29','2022-12-14 06:43:29'),(102,'Toà soạn Hội tụ - Tổ Media_Mẫu 3_Cấp TG_Cấp 3',NULL,NULL,'2022-12-14 06:43:45','2022-12-14 06:43:45'),(103,'Toà soạn Hội tụ - Tổ Phát triển nội dung số_Mẫu 4_Cấp TG_Cấp 3',NULL,NULL,'2022-12-14 06:44:05','2022-12-14 06:44:05'),(104,'Toà soạn Hội tụ - Tổ Comment nội dung_Mẫu 2_Cấp 2_Cấp 3',NULL,NULL,'2022-12-14 06:44:22','2022-12-14 06:44:22'),(105,'Toà soạn Hội tụ - Tổ Comment nội dung_Mẫu 4_Cấp TG_Cấp 3',NULL,NULL,'2022-12-14 06:44:40','2022-12-14 06:44:40'),(106,'Phòng Tổ chức - Hành chính_Mẫu 6_Cấp TG(Bảo)_Cấp 2_Cấp 3',NULL,NULL,'2022-12-14 06:44:52','2022-12-14 06:44:52');
/*!40000 ALTER TABLE `use_user_group` ENABLE KEYS */;
UNLOCK TABLES;

--
-- Table structure for table `use_user_resource`
--

DROP TABLE IF EXISTS `use_user_resource`;
/*!40101 SET @saved_cs_client     = @@character_set_client */;
/*!40101 SET character_set_client = utf8 */;
CREATE TABLE `use_user_resource` (
  `id` bigint(20) unsigned NOT NULL AUTO_INCREMENT,
  `user_id` bigint(20) unsigned DEFAULT NULL,
  `type` varchar(50) COLLATE utf8mb4_unicode_ci DEFAULT NULL,
  `content` text COLLATE utf8mb4_unicode_ci,
  `status` smallint(6) NOT NULL DEFAULT '1',
  `created_at` timestamp NULL DEFAULT NULL,
  `updated_at` timestamp NULL DEFAULT NULL,
  PRIMARY KEY (`id`)
) ENGINE=InnoDB AUTO_INCREMENT=111 DEFAULT CHARSET=utf8mb4 COLLATE=utf8mb4_unicode_ci;
/*!40101 SET character_set_client = @saved_cs_client */;

--
-- Dumping data for table `use_user_resource`
--

LOCK TABLES `use_user_resource` WRITE;
/*!40000 ALTER TABLE `use_user_resource` DISABLE KEYS */;
INSERT INTO `use_user_resource` VALUES (1,204,'avatar','{\"res_id\":17,\"desc\":\"\",\"order\":0}',1,'2022-01-07 01:39:21','2022-01-07 01:39:21'),(2,267,'avatar','{\"res_id\":18,\"desc\":\"\",\"order\":0}',1,'2022-01-07 01:42:56','2022-01-07 01:42:56'),(3,267,'cover','{\"res_id\":19,\"desc\":\"\",\"order\":0}',1,'2022-01-07 01:45:20','2022-01-07 01:45:20'),(4,51,'avatar','{\"res_id\":20,\"desc\":\"\",\"order\":0}',1,'2022-01-07 02:22:33','2022-01-07 02:22:33'),(5,254,'avatar','{\"res_id\":21,\"desc\":\"\",\"order\":0}',1,'2022-01-07 02:28:24','2022-01-07 02:28:24'),(6,51,'cover','{\"res_id\":22,\"desc\":\"\",\"order\":0}',1,'2022-01-07 02:32:14','2022-01-07 02:32:14'),(7,34,'avatar','{\"res_id\":23,\"desc\":\"\",\"order\":0}',1,'2022-01-07 02:46:48','2022-01-07 02:46:48'),(8,236,'avatar','{\"res_id\":24,\"desc\":\"\",\"order\":0}',1,'2022-01-07 02:46:52','2022-01-07 02:46:52'),(9,219,'avatar','{\"res_id\":25,\"desc\":\"\",\"order\":0}',1,'2022-01-07 03:15:36','2022-01-07 03:15:36'),(10,256,'avatar','{\"res_id\":26,\"desc\":\"\",\"order\":0}',1,'2022-01-07 03:21:51','2022-01-07 03:21:51'),(11,9,'avatar','{\"res_id\":27,\"desc\":\"\",\"order\":0}',1,'2022-01-07 03:26:45','2022-01-07 03:26:45'),(12,9,'avatar','{\"res_id\":28,\"desc\":\"\",\"order\":0}',1,'2022-01-07 03:28:18','2022-01-07 03:28:18'),(13,244,'avatar','{\"res_id\":29,\"desc\":\"\",\"order\":0}',1,'2022-01-07 03:29:36','2022-01-07 03:29:36'),(14,183,'avatar','{\"res_id\":30,\"desc\":\"\",\"order\":0}',1,'2022-01-07 03:32:20','2022-01-07 03:32:20'),(15,105,'avatar','{\"res_id\":31,\"desc\":\"\",\"order\":0}',1,'2022-01-07 04:39:09','2022-01-07 04:39:09'),(16,105,'avatar','{\"res_id\":32,\"desc\":\"\",\"order\":0}',1,'2022-01-07 04:39:33','2022-01-07 04:39:33'),(17,67,'avatar','{\"res_id\":33,\"desc\":\"\",\"order\":0}',1,'2022-01-07 07:07:12','2022-01-07 07:07:12'),(18,67,'avatar','{\"res_id\":34,\"desc\":\"\",\"order\":0}',1,'2022-01-07 07:08:42','2022-01-07 07:08:42'),(19,67,'avatar','{\"res_id\":35,\"desc\":\"\",\"order\":0}',1,'2022-01-07 07:09:50','2022-01-07 07:09:50'),(20,67,'avatar','{\"res_id\":36,\"desc\":\"\",\"order\":0}',1,'2022-01-07 07:09:56','2022-01-07 07:09:56'),(21,67,'avatar','{\"res_id\":37,\"desc\":\"\",\"order\":0}',1,'2022-01-07 07:10:03','2022-01-07 07:10:03'),(22,245,'avatar','{\"res_id\":38,\"desc\":\"\",\"order\":0}',1,'2022-01-07 07:11:21','2022-01-07 07:11:21'),(23,24,'avatar','{\"res_id\":39,\"desc\":\"\",\"order\":0}',1,'2022-01-07 07:59:19','2022-01-07 07:59:19'),(24,24,'cover','{\"res_id\":40,\"desc\":\"\",\"order\":0}',1,'2022-01-07 07:59:27','2022-01-07 07:59:27'),(25,147,'avatar','{\"res_id\":41,\"desc\":\"\",\"order\":0}',1,'2022-01-07 08:32:37','2022-01-07 08:32:37'),(26,74,'avatar','{\"res_id\":42,\"desc\":\"\",\"order\":0}',1,'2022-01-07 08:39:14','2022-01-07 08:39:14'),(27,194,'avatar','{\"res_id\":43,\"desc\":\"\",\"order\":0}',1,'2022-01-07 08:39:44','2022-01-07 08:39:44'),(28,153,'avatar','{\"res_id\":44,\"desc\":\"\",\"order\":0}',1,'2022-01-07 11:22:49','2022-01-07 11:22:49'),(29,143,'avatar','{\"res_id\":45,\"desc\":\"\",\"order\":0}',1,'2022-01-07 12:25:36','2022-01-07 12:25:36'),(30,109,'avatar','{\"res_id\":46,\"desc\":\"\",\"order\":0}',1,'2022-01-07 14:46:49','2022-01-07 14:46:49'),(31,236,'avatar','{\"res_id\":47,\"desc\":\"\",\"order\":0}',1,'2022-01-08 01:20:37','2022-01-08 01:20:37'),(32,236,'avatar','{\"res_id\":48,\"desc\":\"\",\"order\":0}',1,'2022-01-08 01:21:21','2022-01-08 01:21:21'),(33,241,'avatar','{\"res_id\":49,\"desc\":\"\",\"order\":0}',1,'2022-01-08 02:21:13','2022-01-08 02:21:13'),(34,220,'avatar','{\"res_id\":50,\"desc\":\"\",\"order\":0}',1,'2022-01-08 02:27:41','2022-01-08 02:27:41'),(35,122,'avatar','{\"res_id\":51,\"desc\":\"\",\"order\":0}',1,'2022-01-08 02:42:09','2022-01-08 02:42:09'),(36,86,'avatar','{\"res_id\":52,\"desc\":\"\",\"order\":0}',1,'2022-01-08 02:59:18','2022-01-08 02:59:18'),(37,152,'cover','{\"res_id\":53,\"desc\":\"\",\"order\":0}',1,'2022-01-08 06:27:27','2022-01-08 06:27:27'),(38,152,'cover','{\"res_id\":54,\"desc\":\"\",\"order\":0}',1,'2022-01-08 06:27:43','2022-01-08 06:27:43'),(39,152,'cover','{\"res_id\":55,\"desc\":\"\",\"order\":0}',1,'2022-01-08 06:28:14','2022-01-08 06:28:14'),(40,152,'cover','{\"res_id\":56,\"desc\":\"\",\"order\":0}',1,'2022-01-08 06:28:38','2022-01-08 06:28:38'),(41,152,'cover','{\"res_id\":57,\"desc\":\"\",\"order\":0}',1,'2022-01-08 06:28:59','2022-01-08 06:28:59'),(42,152,'cover','{\"res_id\":58,\"desc\":\"\",\"order\":0}',1,'2022-01-08 06:29:12','2022-01-08 06:29:12'),(43,201,'avatar','{\"res_id\":59,\"desc\":\"\",\"order\":0}',1,'2022-01-08 08:20:25','2022-01-08 08:20:25'),(44,127,'avatar','{\"res_id\":60,\"desc\":\"\",\"order\":0}',1,'2022-01-08 10:06:39','2022-01-08 10:06:39'),(45,47,'avatar','{\"res_id\":61,\"desc\":\"\",\"order\":0}',1,'2022-01-09 04:32:05','2022-01-09 04:32:05'),(46,47,'avatar','{\"res_id\":62,\"desc\":\"\",\"order\":0}',1,'2022-01-09 04:32:45','2022-01-09 04:32:45'),(47,116,'avatar','{\"res_id\":63,\"desc\":\"\",\"order\":0}',1,'2022-01-09 04:38:28','2022-01-09 04:38:28'),(48,104,'avatar','{\"res_id\":64,\"desc\":\"\",\"order\":0}',1,'2022-01-09 06:53:51','2022-01-09 06:53:51'),(49,41,'avatar','{\"res_id\":65,\"desc\":\"\",\"order\":0}',1,'2022-01-09 07:05:00','2022-01-09 07:05:00'),(50,41,'cover','{\"res_id\":66,\"desc\":\"\",\"order\":0}',1,'2022-01-09 07:06:55','2022-01-09 07:06:55'),(51,116,'avatar','{\"res_id\":67,\"desc\":\"\",\"order\":0}',1,'2022-01-09 08:56:48','2022-01-09 08:56:48'),(52,200,'avatar','{\"res_id\":68,\"desc\":\"\",\"order\":0}',1,'2022-01-09 11:24:19','2022-01-09 11:24:19'),(53,17,'avatar','{\"res_id\":69,\"desc\":\"\",\"order\":0}',1,'2022-01-09 13:38:25','2022-01-09 13:38:25'),(54,46,'avatar','{\"res_id\":70,\"desc\":\"\",\"order\":0}',1,'2022-01-09 15:07:06','2022-01-09 15:07:06'),(55,51,'cover','{\"res_id\":71,\"desc\":\"\",\"order\":0}',1,'2022-01-09 15:32:24','2022-01-09 15:32:24'),(56,315,'cover','{\"res_id\":72,\"desc\":\"\",\"order\":0}',1,'2022-01-10 04:45:58','2022-01-10 04:45:58'),(57,315,'avatar','{\"res_id\":73,\"desc\":\"\",\"order\":0}',1,'2022-01-10 04:47:35','2022-01-10 04:47:35'),(58,221,'avatar','{\"res_id\":74,\"desc\":\"\",\"order\":0}',1,'2022-01-11 02:52:02','2022-01-11 02:52:02'),(59,163,'avatar','{\"res_id\":75,\"desc\":\"\",\"order\":0}',1,'2022-01-11 04:14:46','2022-01-11 04:14:46'),(60,51,'avatar','{\"res_id\":76,\"desc\":\"\",\"order\":0}',1,'2022-01-18 03:25:27','2022-01-18 03:25:27'),(61,34,'cover','{\"res_id\":77,\"desc\":\"\",\"order\":0}',1,'2022-01-18 07:07:04','2022-01-18 07:07:04'),(62,275,'avatar','{\"res_id\":78,\"desc\":\"\",\"order\":0}',1,'2022-01-18 12:00:48','2022-01-18 12:00:48'),(63,275,'avatar','{\"res_id\":79,\"desc\":\"\",\"order\":0}',1,'2022-01-18 12:00:57','2022-01-18 12:00:57'),(64,275,'avatar','{\"res_id\":80,\"desc\":\"\",\"order\":0}',1,'2022-01-18 12:01:25','2022-01-18 12:01:25'),(65,267,'cover','{\"res_id\":82,\"desc\":\"\",\"order\":0}',1,'2022-03-17 07:56:28','2022-03-17 07:56:28'),(66,267,'avatar','{\"res_id\":83,\"desc\":\"\",\"order\":0}',1,'2022-03-17 07:56:36','2022-03-17 07:56:36'),(67,264,'avatar','{\"res_id\":93,\"desc\":\"\",\"order\":0}',1,'2022-03-21 11:16:17','2022-03-21 11:16:17'),(68,253,'avatar','{\"res_id\":108,\"desc\":\"\",\"order\":0}',1,'2022-03-25 07:20:19','2022-03-25 07:20:19'),(69,107,'avatar','{\"res_id\":109,\"desc\":\"\",\"order\":0}',1,'2022-03-25 10:29:32','2022-03-25 10:29:32'),(70,105,'avatar','{\"res_id\":111,\"desc\":\"\",\"order\":0}',1,'2022-03-25 16:13:12','2022-03-25 16:13:12'),(71,38,'avatar','{\"res_id\":112,\"desc\":\"\",\"order\":0}',1,'2022-03-27 08:21:41','2022-03-27 08:21:41'),(72,138,'avatar','{\"res_id\":113,\"desc\":\"\",\"order\":0}',1,'2022-03-27 11:29:14','2022-03-27 11:29:14'),(73,138,'avatar','{\"res_id\":114,\"desc\":\"\",\"order\":0}',1,'2022-03-27 11:30:09','2022-03-27 11:30:09'),(74,248,'cover','{\"res_id\":115,\"desc\":\"\",\"order\":0}',1,'2022-04-07 07:53:47','2022-04-07 07:53:47'),(75,264,'cover','{\"res_id\":119,\"desc\":\"\",\"order\":0}',1,'2022-06-29 01:54:21','2022-06-29 01:54:21'),(76,315,'avatar','{\"res_id\":129,\"desc\":\"\",\"order\":0}',1,'2022-07-01 03:17:52','2022-07-01 03:17:52'),(77,163,'avatar','{\"res_id\":130,\"desc\":\"\",\"order\":0}',1,'2022-07-01 03:30:48','2022-07-01 03:30:48'),(78,360,'avatar','{\"res_id\":131,\"desc\":\"\",\"order\":0}',1,'2022-07-01 03:50:26','2022-07-01 03:50:26'),(79,299,'avatar','{\"res_id\":132,\"desc\":\"\",\"order\":0}',1,'2022-07-01 04:02:47','2022-07-01 04:02:47'),(80,299,'avatar','{\"res_id\":133,\"desc\":\"\",\"order\":0}',1,'2022-07-01 04:03:49','2022-07-01 04:03:49'),(81,236,'avatar','{\"res_id\":134,\"desc\":\"\",\"order\":0}',1,'2022-07-01 07:22:29','2022-07-01 07:22:29'),(82,168,'avatar','{\"res_id\":135,\"desc\":\"\",\"order\":0}',1,'2022-07-01 15:13:47','2022-07-01 15:13:47'),(83,152,'cover','{\"res_id\":137,\"desc\":\"\",\"order\":0}',1,'2022-07-01 17:46:57','2022-07-01 17:46:57'),(84,152,'cover','{\"res_id\":138,\"desc\":\"\",\"order\":0}',1,'2022-07-01 17:47:40','2022-07-01 17:47:40'),(85,29,'avatar','{\"res_id\":140,\"desc\":\"\",\"order\":0}',1,'2022-07-04 17:21:54','2022-07-04 17:21:54'),(86,17,'avatar','{\"res_id\":142,\"desc\":\"\",\"order\":0}',1,'2022-07-05 08:48:39','2022-07-05 08:48:39'),(87,315,'avatar','{\"res_id\":143,\"desc\":\"\",\"order\":0}',1,'2022-07-11 04:54:01','2022-07-11 04:54:01'),(88,184,'avatar','{\"res_id\":144,\"desc\":\"\",\"order\":0}',1,'2022-07-22 12:30:07','2022-07-22 12:30:07'),(89,37,'avatar','{\"res_id\":185,\"desc\":\"\",\"order\":0}',1,'2022-09-25 05:58:34','2022-09-25 05:58:34'),(90,186,'avatar','{\"res_id\":187,\"desc\":\"\",\"order\":0}',1,'2022-09-26 01:35:56','2022-09-26 01:35:56'),(91,186,'avatar','{\"res_id\":188,\"desc\":\"\",\"order\":0}',1,'2022-09-26 01:37:11','2022-09-26 01:37:11'),(92,194,'avatar','{\"res_id\":189,\"desc\":\"\",\"order\":0}',1,'2022-09-26 02:42:23','2022-09-26 02:42:23'),(93,354,'avatar','{\"res_id\":190,\"desc\":\"\",\"order\":0}',1,'2022-09-26 03:28:05','2022-09-26 03:28:05'),(94,364,'avatar','{\"res_id\":191,\"desc\":\"\",\"order\":0}',1,'2022-09-26 04:43:15','2022-09-26 04:43:15'),(95,242,'avatar','{\"res_id\":192,\"desc\":\"\",\"order\":0}',1,'2022-09-26 07:17:37','2022-09-26 07:17:37'),(96,256,'avatar','{\"res_id\":193,\"desc\":\"\",\"order\":0}',1,'2022-09-26 08:05:26','2022-09-26 08:05:26'),(97,306,'avatar','{\"res_id\":196,\"desc\":\"\",\"order\":0}',1,'2022-09-28 08:45:25','2022-09-28 08:45:25'),(98,306,'avatar','{\"res_id\":197,\"desc\":\"\",\"order\":0}',1,'2022-09-28 08:45:42','2022-09-28 08:45:42'),(99,203,'avatar','{\"res_id\":200,\"desc\":\"\",\"order\":0}',1,'2022-09-30 04:42:51','2022-09-30 04:42:51'),(100,367,'avatar','{\"res_id\":201,\"desc\":\"\",\"order\":0}',1,'2022-10-01 02:21:09','2022-10-01 02:21:09'),(101,367,'avatar','{\"res_id\":202,\"desc\":\"\",\"order\":0}',1,'2022-10-01 02:21:34','2022-10-01 02:21:34'),(102,367,'avatar','{\"res_id\":203,\"desc\":\"\",\"order\":0}',1,'2022-10-01 02:22:28','2022-10-01 02:22:28'),(103,331,'avatar','{\"res_id\":226,\"desc\":\"\",\"order\":0}',1,'2022-12-26 01:34:11','2022-12-26 01:34:11'),(104,67,'avatar','{\"res_id\":227,\"desc\":\"\",\"order\":0}',1,'2022-12-26 05:57:25','2022-12-26 05:57:25'),(105,67,'avatar','{\"res_id\":228,\"desc\":\"\",\"order\":0}',1,'2022-12-26 06:02:17','2022-12-26 06:02:17'),(106,15,'cover','{\"res_id\":229,\"desc\":\"\",\"order\":0}',1,'2022-12-26 09:03:08','2022-12-26 09:03:08'),(107,15,'avatar','{\"res_id\":230,\"desc\":\"\",\"order\":0}',1,'2022-12-26 09:03:19','2022-12-26 09:03:19'),(108,204,'avatar','{\"res_id\":237,\"desc\":\"\",\"order\":0}',1,'2022-12-28 01:53:22','2022-12-28 01:53:22'),(109,204,'avatar','{\"res_id\":238,\"desc\":\"\",\"order\":0}',1,'2022-12-28 01:56:06','2022-12-28 01:56:06'),(110,138,'avatar','{\"res_id\":239,\"desc\":\"\",\"order\":0}',1,'2022-12-28 03:46:04','2022-12-28 03:46:04');
/*!40000 ALTER TABLE `use_user_resource` ENABLE KEYS */;
UNLOCK TABLES;
/*!50112 SET @disable_bulk_load = IF (@is_rocksdb_supported, 'SET SESSION rocksdb_bulk_load = @old_rocksdb_bulk_load', 'SET @dummy_rocksdb_bulk_load = 0') */;
/*!50112 PREPARE s FROM @disable_bulk_load */;
/*!50112 EXECUTE s */;
/*!50112 DEALLOCATE PREPARE s */;
/*!40103 SET TIME_ZONE=@OLD_TIME_ZONE */;

/*!40101 SET SQL_MODE=@OLD_SQL_MODE */;
/*!40014 SET FOREIGN_KEY_CHECKS=@OLD_FOREIGN_KEY_CHECKS */;
/*!40014 SET UNIQUE_CHECKS=@OLD_UNIQUE_CHECKS */;
/*!40101 SET CHARACTER_SET_CLIENT=@OLD_CHARACTER_SET_CLIENT */;
/*!40101 SET CHARACTER_SET_RESULTS=@OLD_CHARACTER_SET_RESULTS */;
/*!40101 SET COLLATION_CONNECTION=@OLD_COLLATION_CONNECTION */;
/*!40111 SET SQL_NOTES=@OLD_SQL_NOTES */;

-- Dump completed on 2023-01-11 13:38:48
